17_CA-19_CA-15_CA-9_CA,9_CA-11_CA-7_CA-17_CA,description
-1.0,1.0,46_init_1AJ1_1_rename_0003
-1.0,1.0,25_init_1AJ1_1_rename_0006
-1.0,1.0,167_init_1AJ1_1_rename_0005
-1.0,1.0,66_init_1AJ1_1_rename_0038
-1.0,1.0,57_init_1AJ1_1_rename_0034
-1.0,1.0,35_init_1AJ1_1_rename_0041
-1.0,1.0,202_init_1AJ1_1_rename_0048
-1.0,1.0,157_init_1AJ1_1_rename_0040
-1.0,1.0,227_init_1AJ1_1_rename_0038
-1.0,1.0,270_init_1AJ1_1_rename_0012
-1.0,1.0,293_init_1AJ1_1_rename_0046
-1.0,1.0,4_init_1AJ1_1_rename_0042
-1.0,1.0,116_init_1AJ1_1_rename_0023
-1.0,1.0,199_init_1AJ1_1_rename_0015
-1.0,1.0,376_init_1AJ1_1_rename_0070
-1.0,1.0,340_init_1AJ1_1_rename_0029
-1.0,1.0,115_init_1AJ1_1_rename_0036
-1.0,1.0,325_init_1AJ1_1_rename_0046
-1.0,1.0,299_init_1AJ1_1_rename_0043
-1.0,1.0,43_init_1AJ1_1_rename_0049
-1.0,1.0,254_init_1AJ1_1_rename_0032
-1.0,1.0,466_init_1AJ1_1_rename_0033
-1.0,1.0,18_init_1AJ1_1_rename_0089
-1.0,1.0,523_init_1AJ1_1_rename_0008
-1.0,1.0,535_init_1AJ1_1_rename_0005
-1.0,1.0,201_init_1AJ1_1_rename_0075
-1.0,1.0,54_init_1AJ1_1_rename_0047
-1.0,1.0,589_init_1AJ1_1_rename_0002
-1.0,1.0,425_init_1AJ1_1_rename_0029
-1.0,1.0,534_init_1AJ1_1_rename_0013
-1.0,1.0,465_init_1AJ1_1_rename_0024
-1.0,1.0,337_init_1AJ1_1_rename_0052
-1.0,1.0,589_init_1AJ1_1_rename_0017
-1.0,1.0,1_init_1AJ1_1_rename_0052
-1.0,1.0,382_init_1AJ1_1_rename_0057
-1.0,1.0,324_init_1AJ1_1_rename_0092
-1.0,1.0,199_init_1AJ1_1_rename_0027
-1.0,1.0,50_init_1AJ1_1_rename_0066
-1.0,1.0,202_init_1AJ1_1_rename_0089
-1.0,1.0,477_init_1AJ1_1_rename_0021
-1.0,1.0,565_init_1AJ1_1_rename_0037
-1.0,1.0,29_init_1AJ1_1_rename_0058
-1.0,1.0,369_init_1AJ1_1_rename_0075
-1.0,1.0,101_init_1AJ1_1_rename_0035
-1.0,1.0,116_init_1AJ1_1_rename_0054
-1.0,1.0,645_init_1AJ1_1_rename_0016
-1.0,1.0,666_init_1AJ1_1_rename_0015
-1.0,1.0,464_init_1AJ1_1_rename_0029
-1.0,1.0,158_init_1AJ1_1_rename_0088
-1.0,1.0,102_init_1AJ1_1_rename_0071
-1.0,1.0,698_init_1AJ1_1_rename_0019
-1.0,1.0,819_init_1AJ1_1_rename_0003
-1.0,1.0,487_init_1AJ1_1_rename_0055
-1.0,1.0,59_init_1AJ1_1_rename_0066
-1.0,1.0,185_init_1AJ1_1_rename_0088
-1.0,1.0,390_init_1AJ1_1_rename_0090
-1.0,1.0,528_init_1AJ1_1_rename_0037
-1.0,1.0,59_init_1AJ1_1_rename_0067
-1.0,1.0,116_init_1AJ1_1_rename_0071
-1.0,1.0,456_init_1AJ1_1_rename_0071
-1.0,1.0,839_init_1AJ1_1_rename_0010
-1.0,1.0,506_init_1AJ1_1_rename_0042
-1.0,1.0,815_init_1AJ1_1_rename_0014
-1.0,1.0,852_init_1AJ1_1_rename_0009
-1.0,1.0,890_init_1AJ1_1_rename_0012
-1.0,1.0,144_init_1AJ1_1_rename_0075
-1.0,1.0,844_init_1AJ1_1_rename_0009
-1.0,1.0,492_init_1AJ1_1_rename_0089
-1.0,1.0,111_init_1AJ1_1_rename_0055
-1.0,1.0,798_init_1AJ1_1_rename_0027
-1.0,1.0,31_init_1AJ1_1_rename_0087
-1.0,1.0,167_init_1AJ1_1_rename_0054
-1.0,1.0,110_init_1AJ1_1_rename_0052
-1.0,1.0,110_init_1AJ1_1_rename_0054
-1.0,1.0,113_init_1AJ1_1_rename_0070
-1.0,1.0,483_init_1AJ1_1_rename_0070
-1.0,1.0,46_init_1AJ1_1_rename_0073
-1.0,1.0,531_init_1AJ1_1_rename_0080
-1.0,1.0,194_init_1AJ1_1_rename_0083
-1.0,1.0,818_init_1AJ1_1_rename_0034
-1.0,1.0,829_init_1AJ1_1_rename_0050
-1.0,1.0,1011_init_1AJ1_1_rename_0021
-1.0,1.0,704_init_1AJ1_1_rename_0059
-1.0,1.0,1041_init_1AJ1_1_rename_0015
-1.0,1.0,792_init_1AJ1_1_rename_0048
-1.0,1.0,771_init_1AJ1_1_rename_0083
-1.0,1.0,840_init_1AJ1_1_rename_0048
-1.0,1.0,841_init_1AJ1_1_rename_0036
-1.0,1.0,1131_init_1AJ1_1_rename_0036
-1.0,1.0,873_init_1AJ1_1_rename_0037
-1.0,1.0,1028_init_1AJ1_1_rename_0019
-1.0,1.0,816_init_1AJ1_1_rename_0050
-1.0,1.0,1168_init_1AJ1_1_rename_0009
-1.0,1.0,732_init_1AJ1_1_rename_0096
-1.0,1.0,477_init_1AJ1_1_rename_0080
-1.0,1.0,869_init_1AJ1_1_rename_0046
-1.0,1.0,1269_init_1AJ1_1_rename_0001
-1.0,1.0,815_init_1AJ1_1_rename_0067
-1.0,1.0,973_init_1AJ1_1_rename_0058
-1.0,1.0,792_init_1AJ1_1_rename_0069
-1.0,1.0,1176_init_1AJ1_1_rename_0061
-1.0,1.0,103_init_1AJ1_1_rename_0091
-1.0,1.0,1197_init_1AJ1_1_rename_0060
-1.0,1.0,1221_init_1AJ1_1_rename_0032
-1.0,1.0,814_init_1AJ1_1_rename_0047
-1.0,1.0,1365_init_1AJ1_1_rename_0001
-1.0,1.0,1217_init_1AJ1_1_rename_0013
-1.0,1.0,1236_init_1AJ1_1_rename_0015
-1.0,1.0,1344_init_1AJ1_1_rename_0014
-1.0,1.0,86_init_1AJ1_1_rename_0087
-1.0,1.0,1381_init_1AJ1_1_rename_0006
-1.0,1.0,477_init_1AJ1_1_rename_0094
-1.0,1.0,1085_init_1AJ1_1_rename_0073
-1.0,1.0,790_init_1AJ1_1_rename_0099
-1.0,1.0,1028_init_1AJ1_1_rename_0046
-1.0,1.0,1037_init_1AJ1_1_rename_0071
-1.0,1.0,1217_init_1AJ1_1_rename_0030
-1.0,1.0,1509_init_1AJ1_1_rename_0002
-1.0,1.0,1028_init_1AJ1_1_rename_0052
-1.0,1.0,1311_init_1AJ1_1_rename_0082
-1.0,1.0,1512_init_1AJ1_1_rename_0007
-1.0,1.0,869_init_1AJ1_1_rename_0076
-1.0,1.0,1256_init_1AJ1_1_rename_0031
-1.0,1.0,1429_init_1AJ1_1_rename_0096
-1.0,1.0,1473_init_1AJ1_1_rename_0032
-1.0,1.0,1299_init_1AJ1_1_rename_0062
-1.0,1.0,1577_init_1AJ1_1_rename_0018
-1.0,1.0,1537_init_1AJ1_1_rename_0038
-1.0,1.0,1390_init_1AJ1_1_rename_0038
-1.0,1.0,1557_init_1AJ1_1_rename_0022
-1.0,1.0,1457_init_1AJ1_1_rename_0035
-1.0,1.0,1650_init_1AJ1_1_rename_0002
-1.0,1.0,1378_init_1AJ1_1_rename_0096
-1.0,1.0,1340_init_1AJ1_1_rename_0043
-1.0,1.0,1430_init_1AJ1_1_rename_0095
-1.0,1.0,1685_init_1AJ1_1_rename_0004
-1.0,1.0,1017_init_1AJ1_1_rename_0062
-1.0,1.0,1693_init_1AJ1_1_rename_0006
-1.0,1.0,1571_init_1AJ1_1_rename_0078
-1.0,1.0,873_init_1AJ1_1_rename_0087
-1.0,1.0,814_init_1AJ1_1_rename_0098
-1.0,1.0,1305_init_1AJ1_1_rename_0094
-1.0,1.0,1357_init_1AJ1_1_rename_0059
-1.0,1.0,1383_init_1AJ1_1_rename_0070
-1.0,1.0,1616_init_1AJ1_1_rename_0023
-1.0,1.0,1492_init_1AJ1_1_rename_0044
-1.0,1.0,1300_init_1AJ1_1_rename_0082
-1.0,1.0,1714_init_1AJ1_1_rename_0021
-1.0,1.0,1774_init_1AJ1_1_rename_0003
-1.0,1.0,1313_init_1AJ1_1_rename_0070
-1.0,1.0,1568_init_1AJ1_1_rename_0031
-1.0,1.0,1784_init_1AJ1_1_rename_0009
-1.0,1.0,1521_init_1AJ1_1_rename_0071
-1.0,1.0,1692_init_1AJ1_1_rename_0034
-1.0,1.0,1716_init_1AJ1_1_rename_0012
-1.0,1.0,1721_init_1AJ1_1_rename_0036
-1.0,1.0,1501_init_1AJ1_1_rename_0057
-1.0,1.0,1672_init_1AJ1_1_rename_0025
-1.0,1.0,1490_init_1AJ1_1_rename_0070
-1.0,1.0,1710_init_1AJ1_1_rename_0049
-1.0,1.0,1601_init_1AJ1_1_rename_0081
-1.0,1.0,1495_init_1AJ1_1_rename_0084
-1.0,1.0,1763_init_1AJ1_1_rename_0039
-1.0,1.0,1871_init_1AJ1_1_rename_0053
-1.0,1.0,1017_init_1AJ1_1_rename_0097
-1.0,1.0,1838_init_1AJ1_1_rename_0047
-1.0,1.0,1501_init_1AJ1_1_rename_0063
-1.0,1.0,1441_init_1AJ1_1_rename_0074
-1.0,1.0,1704_init_1AJ1_1_rename_0052
-1.0,1.0,1588_init_1AJ1_1_rename_0076
-1.0,1.0,1780_init_1AJ1_1_rename_0032
-1.0,1.0,1553_init_1AJ1_1_rename_0067
-1.0,1.0,1982_init_1AJ1_1_rename_0032
-1.0,1.0,1775_init_1AJ1_1_rename_0063
-1.0,1.0,1705_init_1AJ1_1_rename_0066
-1.0,1.0,1962_init_1AJ1_1_rename_0064
-1.0,1.0,1832_init_1AJ1_1_rename_0076
-1.0,1.0,1520_init_1AJ1_1_rename_0083
-1.0,1.0,1348_init_1AJ1_1_rename_0098
-1.0,1.0,2030_init_1AJ1_1_rename_0019
-1.0,1.0,2015_init_1AJ1_1_rename_0020
-1.0,1.0,1793_init_1AJ1_1_rename_0043
-1.0,1.0,1348_init_1AJ1_1_rename_0100
-1.0,1.0,1975_init_1AJ1_1_rename_0042
-1.0,1.0,2004_init_1AJ1_1_rename_0036
-1.0,1.0,1710_init_1AJ1_1_rename_0093
-1.0,1.0,1701_init_1AJ1_1_rename_0058
-1.0,1.0,1493_init_1AJ1_1_rename_0092
-1.0,1.0,1995_init_1AJ1_1_rename_0026
-1.0,1.0,1890_init_1AJ1_1_rename_0040
-1.0,1.0,2243_init_1AJ1_1_rename_0001
-1.0,1.0,1801_init_1AJ1_1_rename_0069
-1.0,1.0,2078_init_1AJ1_1_rename_0033
-1.0,1.0,2087_init_1AJ1_1_rename_0053
-1.0,1.0,1977_init_1AJ1_1_rename_0092
-1.0,1.0,2190_init_1AJ1_1_rename_0040
-1.0,1.0,1665_init_1AJ1_1_rename_0077
-1.0,1.0,2244_init_1AJ1_1_rename_0006
-1.0,1.0,2148_init_1AJ1_1_rename_0028
-1.0,1.0,1788_init_1AJ1_1_rename_0086
-1.0,1.0,1897_init_1AJ1_1_rename_0062
-1.0,1.0,2023_init_1AJ1_1_rename_0063
-1.0,1.0,2357_init_1AJ1_1_rename_0006
-1.0,1.0,2073_init_1AJ1_1_rename_0050
-1.0,1.0,2102_init_1AJ1_1_rename_0038
-1.0,1.0,2075_init_1AJ1_1_rename_0067
-1.0,1.0,2380_init_1AJ1_1_rename_0009
-1.0,1.0,1980_init_1AJ1_1_rename_0056
-1.0,1.0,2004_init_1AJ1_1_rename_0076
-1.0,1.0,2079_init_1AJ1_1_rename_0083
-1.0,1.0,2103_init_1AJ1_1_rename_0096
-1.0,1.0,2496_init_1AJ1_1_rename_0002
-1.0,1.0,1681_init_1AJ1_1_rename_0082
-1.0,1.0,2445_init_1AJ1_1_rename_0014
-1.0,1.0,2496_init_1AJ1_1_rename_0006
-1.0,1.0,2023_init_1AJ1_1_rename_0086
-1.0,1.0,2325_init_1AJ1_1_rename_0023
-1.0,1.0,2416_init_1AJ1_1_rename_0019
-1.0,1.0,2213_init_1AJ1_1_rename_0066
-1.0,1.0,2577_init_1AJ1_1_rename_0005
-1.0,1.0,2487_init_1AJ1_1_rename_0035
-1.0,1.0,2345_init_1AJ1_1_rename_0018
-1.0,1.0,2594_init_1AJ1_1_rename_0007
-1.0,1.0,2032_init_1AJ1_1_rename_0096
-1.0,1.0,1990_init_1AJ1_1_rename_0063
-1.0,1.0,2312_init_1AJ1_1_rename_0065
-1.0,1.0,2579_init_1AJ1_1_rename_0027
-1.0,1.0,2496_init_1AJ1_1_rename_0049
-1.0,1.0,2426_init_1AJ1_1_rename_0055
-1.0,1.0,2672_init_1AJ1_1_rename_0035
-1.0,1.0,2693_init_1AJ1_1_rename_0054
-1.0,1.0,2721_init_1AJ1_1_rename_0035
-1.0,1.0,2753_init_1AJ1_1_rename_0056
-1.0,1.0,2777_init_1AJ1_1_rename_0023
-1.0,1.0,2841_init_1AJ1_1_rename_0007
-1.0,1.0,2416_init_1AJ1_1_rename_0070
-1.0,1.0,2787_init_1AJ1_1_rename_0054
-1.0,1.0,2667_init_1AJ1_1_rename_0058
-1.0,1.0,2715_init_1AJ1_1_rename_0085
-1.0,1.0,2411_init_1AJ1_1_rename_0097
-1.0,1.0,2258_init_1AJ1_1_rename_0100
-1.0,1.0,2883_init_1AJ1_1_rename_0003
-1.0,1.0,2365_init_1AJ1_1_rename_0044
-1.0,1.0,2891_init_1AJ1_1_rename_0003
-1.0,1.0,2320_init_1AJ1_1_rename_0083
-1.0,1.0,2745_init_1AJ1_1_rename_0053
-1.0,1.0,2713_init_1AJ1_1_rename_0084
-1.0,1.0,2366_init_1AJ1_1_rename_0091
-1.0,1.0,2917_init_1AJ1_1_rename_0021
-1.0,1.0,2372_init_1AJ1_1_rename_0064
-1.0,1.0,2887_init_1AJ1_1_rename_0042
-1.0,1.0,2937_init_1AJ1_1_rename_0032
-1.0,1.0,2777_init_1AJ1_1_rename_0068
-1.0,1.0,2820_init_1AJ1_1_rename_0077
-1.0,1.0,2625_init_1AJ1_1_rename_0060
-1.0,1.0,2988_init_1AJ1_1_rename_0007
-1.0,1.0,1798_init_1AJ1_1_rename_0088
-1.0,1.0,2995_init_1AJ1_1_rename_0023
-1.0,1.0,2999_init_1AJ1_1_rename_0016
-1.0,1.0,2926_init_1AJ1_1_rename_0050
-1.0,1.0,2857_init_1AJ1_1_rename_0033
-1.0,1.0,2808_init_1AJ1_1_rename_0050
-1.0,1.0,2889_init_1AJ1_1_rename_0059
-1.0,1.0,2647_init_1AJ1_1_rename_0081
-1.0,1.0,2889_init_1AJ1_1_rename_0062
-1.0,1.0,2671_init_1AJ1_1_rename_0082
-1.0,1.0,2456_init_1AJ1_1_rename_0081
-1.0,1.0,2578_init_1AJ1_1_rename_0079
-1.0,1.0,3022_init_1AJ1_1_rename_0096
-1.0,1.0,2986_init_1AJ1_1_rename_0094
-1.0,1.0,3175_init_1AJ1_1_rename_0020
-1.0,1.0,2947_init_1AJ1_1_rename_0100
-1.0,1.0,2869_init_1AJ1_1_rename_0069
-1.0,1.0,3094_init_1AJ1_1_rename_0055
-1.0,1.0,3184_init_1AJ1_1_rename_0017
-1.0,1.0,3224_init_1AJ1_1_rename_0023
-1.0,1.0,2769_init_1AJ1_1_rename_0051
-1.0,1.0,2856_init_1AJ1_1_rename_0075
-1.0,1.0,3113_init_1AJ1_1_rename_0031
-1.0,1.0,3051_init_1AJ1_1_rename_0063
-1.0,1.0,3029_init_1AJ1_1_rename_0068
-1.0,1.0,3335_init_1AJ1_1_rename_0002
-1.0,1.0,3251_init_1AJ1_1_rename_0022
-1.0,1.0,3214_init_1AJ1_1_rename_0017
-1.0,1.0,3146_init_1AJ1_1_rename_0049
-1.0,1.0,2345_init_1AJ1_1_rename_0067
-1.0,1.0,2813_init_1AJ1_1_rename_0089
-1.0,1.0,3166_init_1AJ1_1_rename_0086
-1.0,1.0,3176_init_1AJ1_1_rename_0069
-1.0,1.0,2661_init_1AJ1_1_rename_0057
-1.0,1.0,3109_init_1AJ1_1_rename_0080
-1.0,1.0,3305_init_1AJ1_1_rename_0085
-1.0,1.0,2881_init_1AJ1_1_rename_0070
-1.0,1.0,2863_init_1AJ1_1_rename_0095
-1.0,1.0,3442_init_1AJ1_1_rename_0003
-1.0,1.0,3361_init_1AJ1_1_rename_0019
-1.0,1.0,3510_init_1AJ1_1_rename_0007
-1.0,1.0,3396_init_1AJ1_1_rename_0016
-1.0,1.0,2592_init_1AJ1_1_rename_0060
-1.0,1.0,3487_init_1AJ1_1_rename_0022
-1.0,1.0,3283_init_1AJ1_1_rename_0068
-1.0,1.0,2885_init_1AJ1_1_rename_0096
-1.0,1.0,3298_init_1AJ1_1_rename_0088
-1.0,1.0,3536_init_1AJ1_1_rename_0015
-1.0,1.0,3151_init_1AJ1_1_rename_0073
-1.0,1.0,3396_init_1AJ1_1_rename_0023
-1.0,1.0,3501_init_1AJ1_1_rename_0033
-1.0,1.0,3621_init_1AJ1_1_rename_0021
-1.0,1.0,3129_init_1AJ1_1_rename_0088
-1.0,1.0,3415_init_1AJ1_1_rename_0025
-1.0,1.0,3195_init_1AJ1_1_rename_0086
-1.0,1.0,2892_init_1AJ1_1_rename_0096
-1.0,1.0,3649_init_1AJ1_1_rename_0013
-1.0,1.0,3510_init_1AJ1_1_rename_0068
-1.0,1.0,3680_init_1AJ1_1_rename_0005
-1.0,1.0,3570_init_1AJ1_1_rename_0044
-1.0,1.0,3678_init_1AJ1_1_rename_0008
-1.0,1.0,3417_init_1AJ1_1_rename_0046
-1.0,1.0,3158_init_1AJ1_1_rename_0094
-1.0,1.0,3597_init_1AJ1_1_rename_0027
-1.0,1.0,3455_init_1AJ1_1_rename_0041
-1.0,1.0,2769_init_1AJ1_1_rename_0091
-1.0,1.0,3601_init_1AJ1_1_rename_0058
-1.0,1.0,3420_init_1AJ1_1_rename_0093
-1.0,1.0,3390_init_1AJ1_1_rename_0041
-1.0,1.0,3506_init_1AJ1_1_rename_0094
-1.0,1.0,3163_init_1AJ1_1_rename_0079
-1.0,1.0,3598_init_1AJ1_1_rename_0037
-1.0,1.0,3709_init_1AJ1_1_rename_0089
-1.0,1.0,3749_init_1AJ1_1_rename_0022
-1.0,1.0,3711_init_1AJ1_1_rename_0082
-1.0,1.0,3597_init_1AJ1_1_rename_0036
-1.0,1.0,3496_init_1AJ1_1_rename_0083
-1.0,1.0,3661_init_1AJ1_1_rename_0043
-1.0,1.0,3477_init_1AJ1_1_rename_0079
-1.0,1.0,3968_init_1AJ1_1_rename_0013
-1.0,1.0,3679_init_1AJ1_1_rename_0072
-1.0,1.0,3381_init_1AJ1_1_rename_0065
-1.0,1.0,4029_init_1AJ1_1_rename_0005
-1.0,1.0,3395_init_1AJ1_1_rename_0093
-1.0,1.0,3364_init_1AJ1_1_rename_0060
-1.0,1.0,3370_init_1AJ1_1_rename_0075
-1.0,1.0,3499_init_1AJ1_1_rename_0075
-1.0,1.0,3361_init_1AJ1_1_rename_0081
-1.0,1.0,4095_init_1AJ1_1_rename_0038
-1.0,1.0,4116_init_1AJ1_1_rename_0031
-1.0,1.0,4241_init_1AJ1_1_rename_0004
-1.0,1.0,3387_init_1AJ1_1_rename_0087
-1.0,1.0,4260_init_1AJ1_1_rename_0080
-1.0,1.0,4243_init_1AJ1_1_rename_0018
-1.0,1.0,4356_init_1AJ1_1_rename_0029
-1.0,1.0,4231_init_1AJ1_1_rename_0079
-1.0,1.0,3997_init_1AJ1_1_rename_0099
-1.0,1.0,4118_init_1AJ1_1_rename_0058
-1.0,1.0,4248_init_1AJ1_1_rename_0054
-1.0,1.0,4143_init_1AJ1_1_rename_0052
-1.0,1.0,4467_init_1AJ1_1_rename_0004
-1.0,1.0,4402_init_1AJ1_1_rename_0013
-1.0,1.0,4508_init_1AJ1_1_rename_0004
-1.0,1.0,4125_init_1AJ1_1_rename_0096
-1.0,1.0,3693_init_1AJ1_1_rename_0073
-1.0,1.0,4388_init_1AJ1_1_rename_0013
-1.0,1.0,4449_init_1AJ1_1_rename_0012
-1.0,1.0,4491_init_1AJ1_1_rename_0014
-1.0,1.0,4250_init_1AJ1_1_rename_0091
-1.0,1.0,4404_init_1AJ1_1_rename_0026
-1.0,1.0,4552_init_1AJ1_1_rename_0010
-1.0,1.0,4503_init_1AJ1_1_rename_0018
-1.0,1.0,4610_init_1AJ1_1_rename_0049
-1.0,1.0,4632_init_1AJ1_1_rename_0081
-1.0,1.0,4452_init_1AJ1_1_rename_0029
-1.0,1.0,4663_init_1AJ1_1_rename_0033
-1.0,1.0,4585_init_1AJ1_1_rename_0041
-1.0,1.0,4781_init_1AJ1_1_rename_0027
-1.0,1.0,4465_init_1AJ1_1_rename_0029
-1.0,1.0,4782_init_1AJ1_1_rename_0008
-1.0,1.0,4544_init_1AJ1_1_rename_0066
-1.0,1.0,4693_init_1AJ1_1_rename_0089
-1.0,1.0,4701_init_1AJ1_1_rename_0097
-1.0,1.0,4746_init_1AJ1_1_rename_0030
-1.0,1.0,4428_init_1AJ1_1_rename_0058
-1.0,1.0,4477_init_1AJ1_1_rename_0066
-1.0,1.0,4900_init_1AJ1_1_rename_0032
-1.0,1.0,4544_init_1AJ1_1_rename_0099
-1.0,1.0,4553_init_1AJ1_1_rename_0077
-1.0,1.0,4463_init_1AJ1_1_rename_0073
-1.0,1.0,4920_init_1AJ1_1_rename_0041
-1.0,1.0,4835_init_1AJ1_1_rename_0041
-1.0,1.0,4915_init_1AJ1_1_rename_0015
-1.0,1.0,4546_init_1AJ1_1_rename_0057
-1.0,1.0,4967_init_1AJ1_1_rename_0011
-1.0,1.0,4968_init_1AJ1_1_rename_0013
-1.0,1.0,4893_init_1AJ1_1_rename_0056
-1.0,1.0,4508_init_1AJ1_1_rename_0065
-1.0,1.0,4769_init_1AJ1_1_rename_0058
-1.0,1.0,5066_init_1AJ1_1_rename_0049
-1.0,1.0,4388_init_1AJ1_1_rename_0090
-1.0,1.0,4760_init_1AJ1_1_rename_0096
-1.0,1.0,5051_init_1AJ1_1_rename_0073
-1.0,1.0,4930_init_1AJ1_1_rename_0067
-1.0,1.0,4558_init_1AJ1_1_rename_0084
-1.0,1.0,5131_init_1AJ1_1_rename_0079
-1.0,1.0,4984_init_1AJ1_1_rename_0028
-1.0,1.0,5367_init_1AJ1_1_rename_0003
-1.0,1.0,5409_init_1AJ1_1_rename_0002
-1.0,1.0,5425_init_1AJ1_1_rename_0029
-1.0,1.0,5421_init_1AJ1_1_rename_0036
-1.0,1.0,5539_init_1AJ1_1_rename_0003
-1.0,1.0,5425_init_1AJ1_1_rename_0031
-1.0,1.0,4467_init_1AJ1_1_rename_0095
-1.0,1.0,5240_init_1AJ1_1_rename_0070
-1.0,1.0,5537_init_1AJ1_1_rename_0004
-1.0,1.0,5527_init_1AJ1_1_rename_0004
-1.0,1.0,5463_init_1AJ1_1_rename_0025
-1.0,1.0,5551_init_1AJ1_1_rename_0002
-1.0,1.0,5271_init_1AJ1_1_rename_0048
-1.0,1.0,5425_init_1AJ1_1_rename_0034
-1.0,1.0,4564_init_1AJ1_1_rename_0100
-1.0,1.0,5533_init_1AJ1_1_rename_0023
-1.0,1.0,5609_init_1AJ1_1_rename_0003
-1.0,1.0,5557_init_1AJ1_1_rename_0017
-1.0,1.0,5014_init_1AJ1_1_rename_0095
-1.0,1.0,5565_init_1AJ1_1_rename_0010
-1.0,1.0,5445_init_1AJ1_1_rename_0026
-1.0,1.0,5508_init_1AJ1_1_rename_0012
-1.0,1.0,4468_init_1AJ1_1_rename_0100
-1.0,1.0,5571_init_1AJ1_1_rename_0032
-1.0,1.0,5601_init_1AJ1_1_rename_0014
-1.0,1.0,5633_init_1AJ1_1_rename_0023
-1.0,1.0,5615_init_1AJ1_1_rename_0003
-1.0,1.0,5417_init_1AJ1_1_rename_0072
-1.0,1.0,5342_init_1AJ1_1_rename_0028
-1.0,1.0,5396_init_1AJ1_1_rename_0095
-1.0,1.0,4984_init_1AJ1_1_rename_0083
-1.0,1.0,5351_init_1AJ1_1_rename_0030
-1.0,1.0,5559_init_1AJ1_1_rename_0015
-1.0,1.0,5518_init_1AJ1_1_rename_0013
-1.0,1.0,5377_init_1AJ1_1_rename_0055
-1.0,1.0,5497_init_1AJ1_1_rename_0048
-1.0,1.0,5646_init_1AJ1_1_rename_0030
-1.0,1.0,5490_init_1AJ1_1_rename_0030
-1.0,1.0,5668_init_1AJ1_1_rename_0033
-1.0,1.0,5351_init_1AJ1_1_rename_0042
-1.0,1.0,5409_init_1AJ1_1_rename_0045
-1.0,1.0,5573_init_1AJ1_1_rename_0031
-1.0,1.0,5622_init_1AJ1_1_rename_0027
-1.0,1.0,5027_init_1AJ1_1_rename_0096
-1.0,1.0,5591_init_1AJ1_1_rename_0058
-1.0,1.0,5268_init_1AJ1_1_rename_0035
-1.0,1.0,5457_init_1AJ1_1_rename_0038
-1.0,1.0,5552_init_1AJ1_1_rename_0050
-1.0,1.0,5475_init_1AJ1_1_rename_0045
-1.0,1.0,5617_init_1AJ1_1_rename_0026
-1.0,1.0,5525_init_1AJ1_1_rename_0051
-1.0,1.0,5423_init_1AJ1_1_rename_0078
-1.0,1.0,5573_init_1AJ1_1_rename_0042
-1.0,1.0,5457_init_1AJ1_1_rename_0041
-1.0,1.0,5635_init_1AJ1_1_rename_0057
-1.0,1.0,5525_init_1AJ1_1_rename_0052
-1.0,1.0,5331_init_1AJ1_1_rename_0064
-1.0,1.0,5477_init_1AJ1_1_rename_0060
-1.0,1.0,5587_init_1AJ1_1_rename_0072
-1.0,1.0,5703_init_1AJ1_1_rename_0014
-1.0,1.0,5572_init_1AJ1_1_rename_0046
-1.0,1.0,5764_init_1AJ1_1_rename_0031
-1.0,1.0,5698_init_1AJ1_1_rename_0042
-1.0,1.0,5729_init_1AJ1_1_rename_0028
-1.0,1.0,5377_init_1AJ1_1_rename_0087
-1.0,1.0,5588_init_1AJ1_1_rename_0100
-1.0,1.0,5528_init_1AJ1_1_rename_0064
-1.0,1.0,5746_init_1AJ1_1_rename_0018
-1.0,1.0,5523_init_1AJ1_1_rename_0036
-1.0,1.0,5747_init_1AJ1_1_rename_0065
-1.0,1.0,5753_init_1AJ1_1_rename_0030
-1.0,1.0,5304_init_1AJ1_1_rename_0095
-1.0,1.0,5779_init_1AJ1_1_rename_0058
-1.0,1.0,5748_init_1AJ1_1_rename_0046
-1.0,1.0,5729_init_1AJ1_1_rename_0047
-1.0,1.0,5363_init_1AJ1_1_rename_0057
-1.0,1.0,5721_init_1AJ1_1_rename_0058
-1.0,1.0,5535_init_1AJ1_1_rename_0075
-1.0,1.0,5497_init_1AJ1_1_rename_0086
-1.0,1.0,5731_init_1AJ1_1_rename_0069
-1.0,1.0,5490_init_1AJ1_1_rename_0068
-1.0,1.0,5682_init_1AJ1_1_rename_0083
-1.0,1.0,5520_init_1AJ1_1_rename_0088
-1.0,1.0,5359_init_1AJ1_1_rename_0063
-1.0,1.0,5474_init_1AJ1_1_rename_0075
-1.0,1.0,5565_init_1AJ1_1_rename_0045
-1.0,1.0,5763_init_1AJ1_1_rename_0060
-1.0,1.0,5881_init_1AJ1_1_rename_0026
-1.0,1.0,5562_init_1AJ1_1_rename_0061
-1.0,1.0,5335_init_1AJ1_1_rename_0094
-1.0,1.0,5510_init_1AJ1_1_rename_0076
-1.0,1.0,5877_init_1AJ1_1_rename_0023
-1.0,1.0,5774_init_1AJ1_1_rename_0088
-1.0,1.0,5873_init_1AJ1_1_rename_0017
-1.0,1.0,5805_init_1AJ1_1_rename_0067
-1.0,1.0,5777_init_1AJ1_1_rename_0076
-1.0,1.0,5953_init_1AJ1_1_rename_0006
-1.0,1.0,5985_init_1AJ1_1_rename_0002
-1.0,1.0,5540_init_1AJ1_1_rename_0068
-1.0,1.0,5364_init_1AJ1_1_rename_0048
-1.0,1.0,5745_init_1AJ1_1_rename_0043
-1.0,1.0,5701_init_1AJ1_1_rename_0088
-1.0,1.0,5991_init_1AJ1_1_rename_0002
-1.0,1.0,5607_init_1AJ1_1_rename_0045
-1.0,1.0,5777_init_1AJ1_1_rename_0100
-1.0,1.0,6005_init_1AJ1_1_rename_0004
-1.0,1.0,5857_init_1AJ1_1_rename_0080
-1.0,1.0,5513_init_1AJ1_1_rename_0067
-1.0,1.0,5590_init_1AJ1_1_rename_0059
-1.0,1.0,5793_init_1AJ1_1_rename_0100
-1.0,1.0,5603_init_1AJ1_1_rename_0075
-1.0,1.0,5586_init_1AJ1_1_rename_0098
-1.0,1.0,5924_init_1AJ1_1_rename_0034
-1.0,1.0,6001_init_1AJ1_1_rename_0009
-1.0,1.0,5581_init_1AJ1_1_rename_0066
-1.0,1.0,6093_init_1AJ1_1_rename_0014
-1.0,1.0,6073_init_1AJ1_1_rename_0005
-1.0,1.0,5925_init_1AJ1_1_rename_0046
-1.0,1.0,5511_init_1AJ1_1_rename_0078
-1.0,1.0,6109_init_1AJ1_1_rename_0014
-1.0,1.0,5876_init_1AJ1_1_rename_0069
-1.0,1.0,6112_init_1AJ1_1_rename_0021
-1.0,1.0,6142_init_1AJ1_1_rename_0002
-1.0,1.0,6001_init_1AJ1_1_rename_0012
-1.0,1.0,6132_init_1AJ1_1_rename_0006
-1.0,1.0,5537_init_1AJ1_1_rename_0060
-1.0,1.0,5873_init_1AJ1_1_rename_0070
-1.0,1.0,5741_init_1AJ1_1_rename_0099
-1.0,1.0,5966_init_1AJ1_1_rename_0038
-1.0,1.0,5983_init_1AJ1_1_rename_0030
-1.0,1.0,5997_init_1AJ1_1_rename_0021
-1.0,1.0,5990_init_1AJ1_1_rename_0030
-1.0,1.0,5619_init_1AJ1_1_rename_0084
-1.0,1.0,5956_init_1AJ1_1_rename_0043
-1.0,1.0,5601_init_1AJ1_1_rename_0081
-1.0,1.0,5353_init_1AJ1_1_rename_0098
-1.0,1.0,5457_init_1AJ1_1_rename_0078
-1.0,1.0,5996_init_1AJ1_1_rename_0052
-1.0,1.0,5514_init_1AJ1_1_rename_0099
-1.0,1.0,5540_init_1AJ1_1_rename_0099
-1.0,1.0,6169_init_1AJ1_1_rename_0017
-1.0,1.0,5554_init_1AJ1_1_rename_0060
-1.0,1.0,6201_init_1AJ1_1_rename_0010
-1.0,1.0,5441_init_1AJ1_1_rename_0092
-1.0,1.0,5900_init_1AJ1_1_rename_0066
-1.0,1.0,5537_init_1AJ1_1_rename_0068
-1.0,1.0,5518_init_1AJ1_1_rename_0069
-1.0,1.0,6124_init_1AJ1_1_rename_0056
-1.0,1.0,6195_init_1AJ1_1_rename_0030
-1.0,1.0,6133_init_1AJ1_1_rename_0020
-1.0,1.0,6228_init_1AJ1_1_rename_0040
-1.0,1.0,5538_init_1AJ1_1_rename_0060
-1.0,1.0,5949_init_1AJ1_1_rename_0054
-1.0,1.0,6124_init_1AJ1_1_rename_0074
-1.0,1.0,5944_init_1AJ1_1_rename_0042
-1.0,1.0,6233_init_1AJ1_1_rename_0082
-1.0,1.0,5955_init_1AJ1_1_rename_0076
-1.0,1.0,6117_init_1AJ1_1_rename_0091
-1.0,1.0,5939_init_1AJ1_1_rename_0040
-1.0,1.0,5364_init_1AJ1_1_rename_0079
-1.0,1.0,6177_init_1AJ1_1_rename_0041
-1.0,1.0,5554_init_1AJ1_1_rename_0068
-1.0,1.0,6361_init_1AJ1_1_rename_0002
-1.0,1.0,5952_init_1AJ1_1_rename_0066
-1.0,1.0,6233_init_1AJ1_1_rename_0087
-1.0,1.0,5956_init_1AJ1_1_rename_0093
-1.0,1.0,6329_init_1AJ1_1_rename_0015
-1.0,1.0,6221_init_1AJ1_1_rename_0075
-1.0,1.0,6141_init_1AJ1_1_rename_0034
-1.0,1.0,6360_init_1AJ1_1_rename_0006
-1.0,1.0,6065_init_1AJ1_1_rename_0048
-1.0,1.0,6154_init_1AJ1_1_rename_0098
-1.0,1.0,6008_init_1AJ1_1_rename_0045
-1.0,1.0,5507_init_1AJ1_1_rename_0097
-1.0,1.0,6152_init_1AJ1_1_rename_0067
-1.0,1.0,5541_init_1AJ1_1_rename_0078
-1.0,1.0,6314_init_1AJ1_1_rename_0083
-1.0,1.0,5551_init_1AJ1_1_rename_0098
-1.0,1.0,6341_init_1AJ1_1_rename_0024
-1.0,1.0,6452_init_1AJ1_1_rename_0019
-1.0,1.0,5319_init_1AJ1_1_rename_0098
-1.0,1.0,5984_init_1AJ1_1_rename_0088
-1.0,1.0,5937_init_1AJ1_1_rename_0080
-1.0,1.0,6533_init_1AJ1_1_rename_0017
-1.0,1.0,5965_init_1AJ1_1_rename_0081
-1.0,1.0,5999_init_1AJ1_1_rename_0095
-1.0,1.0,6419_init_1AJ1_1_rename_0064
-1.0,1.0,6346_init_1AJ1_1_rename_0041
-1.0,1.0,6613_init_1AJ1_1_rename_0003
-1.0,1.0,6002_init_1AJ1_1_rename_0075
-1.0,1.0,6129_init_1AJ1_1_rename_0058
-1.0,1.0,5997_init_1AJ1_1_rename_0079
-1.0,1.0,5992_init_1AJ1_1_rename_0082
-1.0,1.0,6067_init_1AJ1_1_rename_0093
-1.0,1.0,6324_init_1AJ1_1_rename_0071
-1.0,1.0,6072_init_1AJ1_1_rename_0067
-1.0,1.0,6593_init_1AJ1_1_rename_0023
-1.0,1.0,6161_init_1AJ1_1_rename_0098
-1.0,1.0,6720_init_1AJ1_1_rename_0010
-1.0,1.0,6528_init_1AJ1_1_rename_0076
-1.0,1.0,6578_init_1AJ1_1_rename_0008
-1.0,1.0,6740_init_1AJ1_1_rename_0007
-1.0,1.0,6608_init_1AJ1_1_rename_0045
-1.0,1.0,6394_init_1AJ1_1_rename_0044
-1.0,1.0,5537_init_1AJ1_1_rename_0096
-1.0,1.0,6516_init_1AJ1_1_rename_0046
-1.0,1.0,6521_init_1AJ1_1_rename_0041
-1.0,1.0,6726_init_1AJ1_1_rename_0018
-1.0,1.0,6474_init_1AJ1_1_rename_0095
-1.0,1.0,6144_init_1AJ1_1_rename_0079
-1.0,1.0,6709_init_1AJ1_1_rename_0048
-1.0,1.0,6592_init_1AJ1_1_rename_0034
-1.0,1.0,6069_init_1AJ1_1_rename_0092
-1.0,1.0,6557_init_1AJ1_1_rename_0083
-1.0,1.0,6618_init_1AJ1_1_rename_0081
-1.0,1.0,6905_init_1AJ1_1_rename_0005
-1.0,1.0,6904_init_1AJ1_1_rename_0005
-1.0,1.0,6864_init_1AJ1_1_rename_0018
-1.0,1.0,6393_init_1AJ1_1_rename_0074
-1.0,1.0,6653_init_1AJ1_1_rename_0061
-1.0,1.0,5376_init_1AJ1_1_rename_0085
-1.0,1.0,6656_init_1AJ1_1_rename_0091
-1.0,1.0,6728_init_1AJ1_1_rename_0039
-1.0,1.0,6389_init_1AJ1_1_rename_0056
-1.0,1.0,6999_init_1AJ1_1_rename_0007
-1.0,1.0,6996_init_1AJ1_1_rename_0008
-1.0,1.0,6990_init_1AJ1_1_rename_0003
-1.0,1.0,6979_init_1AJ1_1_rename_0012
-1.0,1.0,6133_init_1AJ1_1_rename_0094
-1.0,1.0,6580_init_1AJ1_1_rename_0068
-1.0,1.0,7084_init_1AJ1_1_rename_0003
-1.0,1.0,6706_init_1AJ1_1_rename_0049
-1.0,1.0,7076_init_1AJ1_1_rename_0009
-1.0,1.0,6592_init_1AJ1_1_rename_0058
-1.0,1.0,7049_init_1AJ1_1_rename_0050
-1.0,1.0,7087_init_1AJ1_1_rename_0013
-1.0,1.0,6872_init_1AJ1_1_rename_0081
-1.0,1.0,6727_init_1AJ1_1_rename_0052
-1.0,1.0,6589_init_1AJ1_1_rename_0053
-1.0,1.0,7073_init_1AJ1_1_rename_0040
-1.0,1.0,6836_init_1AJ1_1_rename_0052
-1.0,1.0,6962_init_1AJ1_1_rename_0035
-1.0,1.0,7128_init_1AJ1_1_rename_0004
-1.0,1.0,7075_init_1AJ1_1_rename_0039
-1.0,1.0,6856_init_1AJ1_1_rename_0055
-1.0,1.0,6721_init_1AJ1_1_rename_0084
-1.0,1.0,6980_init_1AJ1_1_rename_0031
-1.0,1.0,7008_init_1AJ1_1_rename_0060
-1.0,1.0,6945_init_1AJ1_1_rename_0044
-1.0,1.0,6739_init_1AJ1_1_rename_0060
-1.0,1.0,7191_init_1AJ1_1_rename_0010
-1.0,1.0,6804_init_1AJ1_1_rename_0085
-1.0,1.0,7039_init_1AJ1_1_rename_0045
-1.0,1.0,6868_init_1AJ1_1_rename_0084
-1.0,1.0,7167_init_1AJ1_1_rename_0032
-1.0,1.0,7216_init_1AJ1_1_rename_0030
-1.0,1.0,6786_init_1AJ1_1_rename_0068
-1.0,1.0,7268_init_1AJ1_1_rename_0009
-1.0,1.0,6932_init_1AJ1_1_rename_0072
-1.0,1.0,7056_init_1AJ1_1_rename_0094
-1.0,1.0,6992_init_1AJ1_1_rename_0055
-1.0,1.0,6993_init_1AJ1_1_rename_0063
-1.0,1.0,7220_init_1AJ1_1_rename_0035
-1.0,1.0,6995_init_1AJ1_1_rename_0060
-1.0,1.0,7226_init_1AJ1_1_rename_0072
-1.0,1.0,6915_init_1AJ1_1_rename_0053
-1.0,1.0,7340_init_1AJ1_1_rename_0004
-1.0,1.0,7000_init_1AJ1_1_rename_0077
-1.0,1.0,6728_init_1AJ1_1_rename_0096
-1.0,1.0,7424_init_1AJ1_1_rename_0005
-1.0,1.0,7206_init_1AJ1_1_rename_0090
-1.0,1.0,7433_init_1AJ1_1_rename_0048
-1.0,1.0,7484_init_1AJ1_1_rename_0029
-1.0,1.0,6792_init_1AJ1_1_rename_0077
-1.0,1.0,6880_init_1AJ1_1_rename_0094
-1.0,1.0,6928_init_1AJ1_1_rename_0098
-1.0,1.0,7580_init_1AJ1_1_rename_0005
-1.0,1.0,7503_init_1AJ1_1_rename_0013
-1.0,1.0,7343_init_1AJ1_1_rename_0035
-1.0,1.0,7453_init_1AJ1_1_rename_0062
-1.0,1.0,7437_init_1AJ1_1_rename_0025
-1.0,1.0,7316_init_1AJ1_1_rename_0044
-1.0,1.0,6927_init_1AJ1_1_rename_0097
-1.0,1.0,7436_init_1AJ1_1_rename_0085
-1.0,1.0,7579_init_1AJ1_1_rename_0012
-1.0,1.0,7338_init_1AJ1_1_rename_0030
-1.0,1.0,7610_init_1AJ1_1_rename_0014
-1.0,1.0,6917_init_1AJ1_1_rename_0089
-1.0,1.0,7500_init_1AJ1_1_rename_0037
-1.0,1.0,7307_init_1AJ1_1_rename_0046
-1.0,1.0,7619_init_1AJ1_1_rename_0018
-1.0,1.0,7589_init_1AJ1_1_rename_0012
-1.0,1.0,7625_init_1AJ1_1_rename_0038
-1.0,1.0,7228_init_1AJ1_1_rename_0076
-1.0,1.0,7715_init_1AJ1_1_rename_0003
-1.0,1.0,7529_init_1AJ1_1_rename_0025
-1.0,1.0,7742_init_1AJ1_1_rename_0001
-1.0,1.0,7650_init_1AJ1_1_rename_0014
-1.0,1.0,7280_init_1AJ1_1_rename_0056
-1.0,1.0,6855_init_1AJ1_1_rename_0087
-1.0,1.0,7355_init_1AJ1_1_rename_0054
-1.0,1.0,7497_init_1AJ1_1_rename_0098
-1.0,1.0,7360_init_1AJ1_1_rename_0044
-1.0,1.0,7717_init_1AJ1_1_rename_0029
-1.0,1.0,7559_init_1AJ1_1_rename_0070
-1.0,1.0,6992_init_1AJ1_1_rename_0093
-1.0,1.0,7520_init_1AJ1_1_rename_0021
-1.0,1.0,7576_init_1AJ1_1_rename_0053
-1.0,1.0,7245_init_1AJ1_1_rename_0092
-1.0,1.0,7360_init_1AJ1_1_rename_0049
-1.0,1.0,6980_init_1AJ1_1_rename_0089
-1.0,1.0,7760_init_1AJ1_1_rename_0018
-1.0,1.0,6913_init_1AJ1_1_rename_0097
-1.0,1.0,7515_init_1AJ1_1_rename_0068
-1.0,1.0,7248_init_1AJ1_1_rename_0073
-1.0,1.0,7358_init_1AJ1_1_rename_0085
-1.0,1.0,7617_init_1AJ1_1_rename_0039
-1.0,1.0,7589_init_1AJ1_1_rename_0028
-1.0,1.0,7667_init_1AJ1_1_rename_0028
-1.0,1.0,7605_init_1AJ1_1_rename_0041
-1.0,1.0,7600_init_1AJ1_1_rename_0029
-1.0,1.0,7258_init_1AJ1_1_rename_0100
-1.0,1.0,7507_init_1AJ1_1_rename_0094
-1.0,1.0,7544_init_1AJ1_1_rename_0039
-1.0,1.0,7777_init_1AJ1_1_rename_0045
-1.0,1.0,7340_init_1AJ1_1_rename_0051
-1.0,1.0,7242_init_1AJ1_1_rename_0082
-1.0,1.0,7308_init_1AJ1_1_rename_0047
-1.0,1.0,7284_init_1AJ1_1_rename_0059
-1.0,1.0,7618_init_1AJ1_1_rename_0046
-1.0,1.0,7650_init_1AJ1_1_rename_0065
-1.0,1.0,7605_init_1AJ1_1_rename_0055
-1.0,1.0,7811_init_1AJ1_1_rename_0031
-1.0,1.0,7677_init_1AJ1_1_rename_0073
-1.0,1.0,7784_init_1AJ1_1_rename_0062
-1.0,1.0,7933_init_1AJ1_1_rename_0026
-1.0,1.0,7936_init_1AJ1_1_rename_0034
-1.0,1.0,7893_init_1AJ1_1_rename_0091
-1.0,1.0,7965_init_1AJ1_1_rename_0023
-1.0,1.0,7332_init_1AJ1_1_rename_0094
-1.0,1.0,7714_init_1AJ1_1_rename_0095
-1.0,1.0,7817_init_1AJ1_1_rename_0041
-1.0,1.0,7590_init_1AJ1_1_rename_0090
-1.0,1.0,7353_init_1AJ1_1_rename_0087
-1.0,1.0,7857_init_1AJ1_1_rename_0035
-1.0,1.0,7321_init_1AJ1_1_rename_0095
-1.0,1.0,7520_init_1AJ1_1_rename_0069
-1.0,1.0,7584_init_1AJ1_1_rename_0090
-1.0,1.0,7567_init_1AJ1_1_rename_0095
-1.0,1.0,7774_init_1AJ1_1_rename_0098
-1.0,1.0,7780_init_1AJ1_1_rename_0081
-1.0,1.0,8067_init_1AJ1_1_rename_0011
-1.0,1.0,7340_init_1AJ1_1_rename_0076
-1.0,1.0,7665_init_1AJ1_1_rename_0057
-1.0,1.0,7520_init_1AJ1_1_rename_0076
-1.0,1.0,8102_init_1AJ1_1_rename_0012
-1.0,1.0,8104_init_1AJ1_1_rename_0011
-1.0,1.0,7312_init_1AJ1_1_rename_0093
-1.0,1.0,7308_init_1AJ1_1_rename_0072
-1.0,1.0,8124_init_1AJ1_1_rename_0029
-1.0,1.0,8177_init_1AJ1_1_rename_0046
-1.0,1.0,7296_init_1AJ1_1_rename_0058
-1.0,1.0,8201_init_1AJ1_1_rename_0038
-1.0,1.0,8234_init_1AJ1_1_rename_0025
-1.0,1.0,8254_init_1AJ1_1_rename_0037
-1.0,1.0,8272_init_1AJ1_1_rename_0034
-1.0,1.0,7762_init_1AJ1_1_rename_0087
-1.0,1.0,8102_init_1AJ1_1_rename_0023
-1.0,1.0,8216_init_1AJ1_1_rename_0031
-1.0,1.0,7857_init_1AJ1_1_rename_0055
-1.0,1.0,8104_init_1AJ1_1_rename_0026
-1.0,1.0,7778_init_1AJ1_1_rename_0084
-1.0,1.0,8153_init_1AJ1_1_rename_0019
-1.0,1.0,8090_init_1AJ1_1_rename_0024
-1.0,1.0,8073_init_1AJ1_1_rename_0030
-1.0,1.0,8383_init_1AJ1_1_rename_0015
-1.0,1.0,8319_init_1AJ1_1_rename_0011
-1.0,1.0,8088_init_1AJ1_1_rename_0026
-1.0,1.0,8401_init_1AJ1_1_rename_0037
-1.0,1.0,8145_init_1AJ1_1_rename_0080
-1.0,1.0,8107_init_1AJ1_1_rename_0067
-1.0,1.0,8065_init_1AJ1_1_rename_0036
-1.0,1.0,7668_init_1AJ1_1_rename_0073
-1.0,1.0,8511_init_1AJ1_1_rename_0003
-1.0,1.0,8199_init_1AJ1_1_rename_0076
-1.0,1.0,8461_init_1AJ1_1_rename_0017
-1.0,1.0,8376_init_1AJ1_1_rename_0034
-1.0,1.0,8452_init_1AJ1_1_rename_0029
-1.0,1.0,8508_init_1AJ1_1_rename_0041
-1.0,1.0,8074_init_1AJ1_1_rename_0046
-1.0,1.0,8447_init_1AJ1_1_rename_0062
-1.0,1.0,8373_init_1AJ1_1_rename_0043
-1.0,1.0,8418_init_1AJ1_1_rename_0091
-1.0,1.0,8165_init_1AJ1_1_rename_0076
-1.0,1.0,8544_init_1AJ1_1_rename_0011
-1.0,1.0,8633_init_1AJ1_1_rename_0012
-1.0,1.0,8102_init_1AJ1_1_rename_0043
-1.0,1.0,8425_init_1AJ1_1_rename_0094
-1.0,1.0,8095_init_1AJ1_1_rename_0064
-1.0,1.0,8135_init_1AJ1_1_rename_0090
-1.0,1.0,8379_init_1AJ1_1_rename_0075
-1.0,1.0,8327_init_1AJ1_1_rename_0091
-1.0,1.0,8165_init_1AJ1_1_rename_0094
-1.0,1.0,8606_init_1AJ1_1_rename_0028
-1.0,1.0,8537_init_1AJ1_1_rename_0020
-1.0,1.0,8403_init_1AJ1_1_rename_0072
-1.0,1.0,8630_init_1AJ1_1_rename_0034
-1.0,1.0,8633_init_1AJ1_1_rename_0048
-1.0,1.0,8098_init_1AJ1_1_rename_0069
-1.0,1.0,8738_init_1AJ1_1_rename_0009
-1.0,1.0,8761_init_1AJ1_1_rename_0021
-1.0,1.0,8712_init_1AJ1_1_rename_0066
-1.0,1.0,7296_init_1AJ1_1_rename_0098
-1.0,1.0,8089_init_1AJ1_1_rename_0039
-1.0,1.0,8532_init_1AJ1_1_rename_0036
-1.0,1.0,7681_init_1AJ1_1_rename_0082
-1.0,1.0,8634_init_1AJ1_1_rename_0086
-1.0,1.0,8783_init_1AJ1_1_rename_0036
-1.0,1.0,8967_init_1AJ1_1_rename_0004
-1.0,1.0,8987_init_1AJ1_1_rename_0004
-1.0,1.0,8776_init_1AJ1_1_rename_0051
-1.0,1.0,7793_init_1AJ1_1_rename_0088
-1.0,1.0,8933_init_1AJ1_1_rename_0048
-1.0,1.0,9004_init_1AJ1_1_rename_0023
-1.0,1.0,8517_init_1AJ1_1_rename_0055
-1.0,1.0,8744_init_1AJ1_1_rename_0032
-1.0,1.0,8608_init_1AJ1_1_rename_0039
-1.0,1.0,8816_init_1AJ1_1_rename_0058
-1.0,1.0,8989_init_1AJ1_1_rename_0045
-1.0,1.0,8524_init_1AJ1_1_rename_0057
-1.0,1.0,8841_init_1AJ1_1_rename_0045
-1.0,1.0,8995_init_1AJ1_1_rename_0027
-1.0,1.0,8940_init_1AJ1_1_rename_0089
-1.0,1.0,8602_init_1AJ1_1_rename_0053
-1.0,1.0,8516_init_1AJ1_1_rename_0068
-1.0,1.0,8529_init_1AJ1_1_rename_0095
-1.0,1.0,8099_init_1AJ1_1_rename_0099
-1.0,1.0,8952_init_1AJ1_1_rename_0089
-1.0,1.0,8068_init_1AJ1_1_rename_0086
-1.0,1.0,9072_init_1AJ1_1_rename_0031
-1.0,1.0,8624_init_1AJ1_1_rename_0053
-1.0,1.0,8848_init_1AJ1_1_rename_0043
-1.0,1.0,8149_init_1AJ1_1_rename_0069
-1.0,1.0,8982_init_1AJ1_1_rename_0018
-1.0,1.0,8798_init_1AJ1_1_rename_0076
-1.0,1.0,9265_init_1AJ1_1_rename_0011
-1.0,1.0,9230_init_1AJ1_1_rename_0046
-1.0,1.0,9239_init_1AJ1_1_rename_0030
-1.0,1.0,9241_init_1AJ1_1_rename_0041
-1.0,1.0,9305_init_1AJ1_1_rename_0028
-1.0,1.0,8089_init_1AJ1_1_rename_0077
-1.0,1.0,9206_init_1AJ1_1_rename_0026
-1.0,1.0,9144_init_1AJ1_1_rename_0084
-1.0,1.0,9359_init_1AJ1_1_rename_0015
-1.0,1.0,8742_init_1AJ1_1_rename_0077
-1.0,1.0,9324_init_1AJ1_1_rename_0007
-1.0,1.0,9315_init_1AJ1_1_rename_0046
-1.0,1.0,8155_init_1AJ1_1_rename_0098
-1.0,1.0,9381_init_1AJ1_1_rename_0006
-1.0,1.0,8740_init_1AJ1_1_rename_0080
-1.0,1.0,8831_init_1AJ1_1_rename_0075
-1.0,1.0,9297_init_1AJ1_1_rename_0037
-1.0,1.0,8602_init_1AJ1_1_rename_0082
-1.0,1.0,9207_init_1AJ1_1_rename_0043
-1.0,1.0,9233_init_1AJ1_1_rename_0069
-1.0,1.0,9469_init_1AJ1_1_rename_0037
-1.0,1.0,9345_init_1AJ1_1_rename_0081
-1.0,1.0,8608_init_1AJ1_1_rename_0082
-1.0,1.0,8983_init_1AJ1_1_rename_0062
-1.0,1.0,9037_init_1AJ1_1_rename_0064
-1.0,1.0,9317_init_1AJ1_1_rename_0067
-1.0,1.0,8768_init_1AJ1_1_rename_0093
-1.0,1.0,9296_init_1AJ1_1_rename_0051
-1.0,1.0,9688_init_1AJ1_1_rename_0021
-1.0,1.0,9827_init_1AJ1_1_rename_0009
-1.0,1.0,8513_init_1AJ1_1_rename_0089
-1.0,1.0,9720_init_1AJ1_1_rename_0014
-1.0,1.0,9774_init_1AJ1_1_rename_0023
-1.0,1.0,9842_init_1AJ1_1_rename_0033
-1.0,1.0,9684_init_1AJ1_1_rename_0041
-1.0,1.0,9681_init_1AJ1_1_rename_0062
-1.0,1.0,9909_init_1AJ1_1_rename_0075
-1.0,1.0,8822_init_1AJ1_1_rename_0099
-1.0,1.0,10197_init_1AJ1_1_rename_0003
-1.0,1.0,9862_init_1AJ1_1_rename_0063
-1.0,1.0,10092_init_1AJ1_1_rename_0009
-1.0,1.0,9661_init_1AJ1_1_rename_0088
-1.0,1.0,10008_init_1AJ1_1_rename_0052
-1.0,1.0,9666_init_1AJ1_1_rename_0084
-1.0,1.0,10177_init_1AJ1_1_rename_0004
-1.0,1.0,10132_init_1AJ1_1_rename_0022
-1.0,1.0,10333_init_1AJ1_1_rename_0005
-1.0,1.0,10016_init_1AJ1_1_rename_0099
-1.0,1.0,10052_init_1AJ1_1_rename_0071
-1.0,1.0,10285_init_1AJ1_1_rename_0012
-1.0,1.0,9656_init_1AJ1_1_rename_0093
-1.0,1.0,10118_init_1AJ1_1_rename_0082
-1.0,1.0,10407_init_1AJ1_1_rename_0003
-1.0,1.0,10128_init_1AJ1_1_rename_0025
-1.0,1.0,10353_init_1AJ1_1_rename_0018
-1.0,1.0,10040_init_1AJ1_1_rename_0070
-1.0,1.0,10261_init_1AJ1_1_rename_0027
-1.0,1.0,10045_init_1AJ1_1_rename_0044
-1.0,1.0,10147_init_1AJ1_1_rename_0035
-1.0,1.0,10120_init_1AJ1_1_rename_0066
-1.0,1.0,10303_init_1AJ1_1_rename_0092
-1.0,1.0,10085_init_1AJ1_1_rename_0024
-1.0,1.0,10289_init_1AJ1_1_rename_0093
-1.0,1.0,9684_init_1AJ1_1_rename_0095
-1.0,1.0,10190_init_1AJ1_1_rename_0030
-1.0,1.0,10255_init_1AJ1_1_rename_0063
-1.0,1.0,10210_init_1AJ1_1_rename_0095
-1.0,1.0,10044_init_1AJ1_1_rename_0096
-1.0,1.0,10266_init_1AJ1_1_rename_0064
-1.0,1.0,10216_init_1AJ1_1_rename_0056
-1.0,1.0,10365_init_1AJ1_1_rename_0032
-1.0,1.0,10109_init_1AJ1_1_rename_0060
-1.0,1.0,10301_init_1AJ1_1_rename_0062
-1.0,1.0,10575_init_1AJ1_1_rename_0056
-1.0,1.0,10573_init_1AJ1_1_rename_0057
-1.0,1.0,10266_init_1AJ1_1_rename_0099
-1.0,1.0,10609_init_1AJ1_1_rename_0035
-1.0,1.0,10350_init_1AJ1_1_rename_0060
-1.0,1.0,10149_init_1AJ1_1_rename_0049
-1.0,1.0,10562_init_1AJ1_1_rename_0076
-1.0,1.0,10301_init_1AJ1_1_rename_0072
-1.0,1.0,8967_init_1AJ1_1_rename_0081
-1.0,1.0,10367_init_1AJ1_1_rename_0032
-1.0,1.0,10339_init_1AJ1_1_rename_0073
-1.0,1.0,10137_init_1AJ1_1_rename_0058
-1.0,1.0,10531_init_1AJ1_1_rename_0048
-1.0,1.0,10746_init_1AJ1_1_rename_0031
-1.0,1.0,10153_init_1AJ1_1_rename_0080
-1.0,1.0,10636_init_1AJ1_1_rename_0075
-1.0,1.0,10637_init_1AJ1_1_rename_0093
-1.0,1.0,10190_init_1AJ1_1_rename_0086
-1.0,1.0,85_run1_1AJ1_1_rename_0002
-1.0,1.0,3_run1_1AJ1_1_rename_0013
-1.0,1.0,57_run1_1AJ1_1_rename_0024
-1.0,1.0,86_run1_1AJ1_1_rename_0009
-1.0,1.0,43_run1_1AJ1_1_rename_0023
-1.0,1.0,149_run1_1AJ1_1_rename_0014
-1.0,1.0,115_run1_1AJ1_1_rename_0014
-1.0,1.0,146_run1_1AJ1_1_rename_0018
-1.0,1.0,180_run1_1AJ1_1_rename_0011
-1.0,1.0,34_run1_1AJ1_1_rename_0048
-1.0,1.0,67_run1_1AJ1_1_rename_0072
-1.0,1.0,47_run1_1AJ1_1_rename_0067
-1.0,1.0,53_run1_1AJ1_1_rename_0058
-1.0,1.0,153_run1_1AJ1_1_rename_0097
-1.0,1.0,21_run1_1AJ1_1_rename_0112
-1.0,1.0,17_run1_1AJ1_1_rename_0077
-1.0,1.0,60_run1_1AJ1_1_rename_0080
-1.0,1.0,167_run1_1AJ1_1_rename_0042
-1.0,1.0,116_run1_1AJ1_1_rename_0175
-1.0,1.0,33_run1_1AJ1_1_rename_0098
-1.0,1.0,92_run1_1AJ1_1_rename_0127
-1.0,1.0,54_run1_1AJ1_1_rename_0148
-1.0,1.0,224_run1_1AJ1_1_rename_0014
-1.0,1.0,168_run1_1AJ1_1_rename_0029
-1.0,1.0,194_run1_1AJ1_1_rename_0057
-1.0,1.0,269_run1_1AJ1_1_rename_0012
-1.0,1.0,31_run1_1AJ1_1_rename_0056
-1.0,1.0,281_run1_1AJ1_1_rename_0013
-1.0,1.0,143_run1_1AJ1_1_rename_0059
-1.0,1.0,56_run1_1AJ1_1_rename_0083
-1.0,1.0,102_run1_1AJ1_1_rename_0070
-1.0,1.0,308_run1_1AJ1_1_rename_0016
-1.0,1.0,185_run1_1AJ1_1_rename_0058
-1.0,1.0,303_run1_1AJ1_1_rename_0042
-1.0,1.0,153_run1_1AJ1_1_rename_0187
-1.0,1.0,121_run1_1AJ1_1_rename_0141
-1.0,1.0,53_run1_1AJ1_1_rename_0087
-1.0,1.0,333_run1_1AJ1_1_rename_0001
-1.0,1.0,250_run1_1AJ1_1_rename_0059
-1.0,1.0,167_run1_1AJ1_1_rename_0109
-1.0,1.0,31_run1_1AJ1_1_rename_0072
-1.0,1.0,307_run1_1AJ1_1_rename_0036
-1.0,1.0,269_run1_1AJ1_1_rename_0036
-1.0,1.0,215_run1_1AJ1_1_rename_0057
-1.0,1.0,361_run1_1AJ1_1_rename_0025
-1.0,1.0,186_run1_1AJ1_1_rename_0089
-1.0,1.0,311_run1_1AJ1_1_rename_0048
-1.0,1.0,5_run1_1AJ1_1_rename_0162
-1.0,1.0,111_run1_1AJ1_1_rename_0065
-1.0,1.0,310_run1_1AJ1_1_rename_0037
-1.0,1.0,225_run1_1AJ1_1_rename_0139
-1.0,1.0,57_run1_1AJ1_1_rename_0191
-1.0,1.0,309_run1_1AJ1_1_rename_0196
-1.0,1.0,31_run1_1AJ1_1_rename_0080
-1.0,1.0,260_run1_1AJ1_1_rename_0161
-1.0,1.0,342_run1_1AJ1_1_rename_0036
-1.0,1.0,390_run1_1AJ1_1_rename_0018
-1.0,1.0,227_run1_1AJ1_1_rename_0083
-1.0,1.0,3_run1_1AJ1_1_rename_0116
-1.0,1.0,391_run1_1AJ1_1_rename_0035
-1.0,1.0,448_run1_1AJ1_1_rename_0009
-1.0,1.0,225_run1_1AJ1_1_rename_0163
-1.0,1.0,351_run1_1AJ1_1_rename_0134
-1.0,1.0,48_run1_1AJ1_1_rename_0121
-1.0,1.0,442_run1_1AJ1_1_rename_0013
-1.0,1.0,157_run1_1AJ1_1_rename_0098
-1.0,1.0,459_run1_1AJ1_1_rename_0003
-1.0,1.0,47_run1_1AJ1_1_rename_0165
-1.0,1.0,221_run1_1AJ1_1_rename_0171
-1.0,1.0,279_run1_1AJ1_1_rename_0096
-1.0,1.0,109_run1_1AJ1_1_rename_0102
-1.0,1.0,372_run1_1AJ1_1_rename_0075
-1.0,1.0,85_run1_1AJ1_1_rename_0079
-1.0,1.0,53_run1_1AJ1_1_rename_0123
-1.0,1.0,395_run1_1AJ1_1_rename_0104
-1.0,1.0,95_run1_1AJ1_1_rename_0177
-1.0,1.0,147_run1_1AJ1_1_rename_0171
-1.0,1.0,280_run1_1AJ1_1_rename_0134
-1.0,1.0,498_run1_1AJ1_1_rename_0003
-1.0,1.0,510_run1_1AJ1_1_rename_0008
-1.0,1.0,253_run1_1AJ1_1_rename_0145
-1.0,1.0,400_run1_1AJ1_1_rename_0097
-1.0,1.0,28_run1_1AJ1_1_rename_0188
-1.0,1.0,115_run1_1AJ1_1_rename_0141
-1.0,1.0,405_run1_1AJ1_1_rename_0173
-1.0,1.0,511_run1_1AJ1_1_rename_0017
-1.0,1.0,540_run1_1AJ1_1_rename_0040
-1.0,1.0,131_run1_1AJ1_1_rename_0183
-1.0,1.0,390_run1_1AJ1_1_rename_0096
-1.0,1.0,143_run1_1AJ1_1_rename_0163
-1.0,1.0,420_run1_1AJ1_1_rename_0150
-1.0,1.0,446_run1_1AJ1_1_rename_0074
-1.0,1.0,533_run1_1AJ1_1_rename_0013
-1.0,1.0,448_run1_1AJ1_1_rename_0119
-1.0,1.0,459_run1_1AJ1_1_rename_0036
-1.0,1.0,200_run1_1AJ1_1_rename_0129
-1.0,1.0,187_run1_1AJ1_1_rename_0162
-1.0,1.0,614_run1_1AJ1_1_rename_0010
-1.0,1.0,115_run1_1AJ1_1_rename_0155
-1.0,1.0,405_run1_1AJ1_1_rename_0189
-1.0,1.0,222_run1_1AJ1_1_rename_0189
-1.0,1.0,110_run1_1AJ1_1_rename_0101
-1.0,1.0,83_run1_1AJ1_1_rename_0177
-1.0,1.0,109_run1_1AJ1_1_rename_0127
-1.0,1.0,606_run1_1AJ1_1_rename_0032
-1.0,1.0,620_run1_1AJ1_1_rename_0008
-1.0,1.0,367_run1_1AJ1_1_rename_0142
-1.0,1.0,486_run1_1AJ1_1_rename_0063
-1.0,1.0,673_run1_1AJ1_1_rename_0006
-1.0,1.0,167_run1_1AJ1_1_rename_0199
-1.0,1.0,617_run1_1AJ1_1_rename_0026
-1.0,1.0,638_run1_1AJ1_1_rename_0015
-1.0,1.0,269_run1_1AJ1_1_rename_0181
-1.0,1.0,215_run1_1AJ1_1_rename_0126
-1.0,1.0,599_run1_1AJ1_1_rename_0051
-1.0,1.0,596_run1_1AJ1_1_rename_0029
-1.0,1.0,424_run1_1AJ1_1_rename_0131
-1.0,1.0,511_run1_1AJ1_1_rename_0054
-1.0,1.0,335_run1_1AJ1_1_rename_0082
-1.0,1.0,540_run1_1AJ1_1_rename_0149
-1.0,1.0,498_run1_1AJ1_1_rename_0066
-1.0,1.0,711_run1_1AJ1_1_rename_0014
-1.0,1.0,478_run1_1AJ1_1_rename_0106
-1.0,1.0,628_run1_1AJ1_1_rename_0106
-1.0,1.0,667_run1_1AJ1_1_rename_0147
-1.0,1.0,704_run1_1AJ1_1_rename_0032
-1.0,1.0,565_run1_1AJ1_1_rename_0111
-1.0,1.0,564_run1_1AJ1_1_rename_0059
-1.0,1.0,679_run1_1AJ1_1_rename_0040
-1.0,1.0,271_run1_1AJ1_1_rename_0181
-1.0,1.0,707_run1_1AJ1_1_rename_0036
-1.0,1.0,157_run1_1AJ1_1_rename_0167
-1.0,1.0,562_run1_1AJ1_1_rename_0087
-1.0,1.0,776_run1_1AJ1_1_rename_0029
-1.0,1.0,449_run1_1AJ1_1_rename_0062
-1.0,1.0,728_run1_1AJ1_1_rename_0046
-1.0,1.0,673_run1_1AJ1_1_rename_0072
-1.0,1.0,678_run1_1AJ1_1_rename_0076
-1.0,1.0,438_run1_1AJ1_1_rename_0137
-1.0,1.0,810_run1_1AJ1_1_rename_0028
-1.0,1.0,567_run1_1AJ1_1_rename_0108
-1.0,1.0,733_run1_1AJ1_1_rename_0052
-1.0,1.0,807_run1_1AJ1_1_rename_0025
-1.0,1.0,729_run1_1AJ1_1_rename_0039
-1.0,1.0,224_run1_1AJ1_1_rename_0165
-1.0,1.0,558_run1_1AJ1_1_rename_0144
-1.0,1.0,500_run1_1AJ1_1_rename_0138
-1.0,1.0,526_run1_1AJ1_1_rename_0137
-1.0,1.0,771_run1_1AJ1_1_rename_0090
-1.0,1.0,720_run1_1AJ1_1_rename_0198
-1.0,1.0,767_run1_1AJ1_1_rename_0045
-1.0,1.0,785_run1_1AJ1_1_rename_0029
-1.0,1.0,142_run1_1AJ1_1_rename_0183
-1.0,1.0,461_run1_1AJ1_1_rename_0152
-1.0,1.0,487_run1_1AJ1_1_rename_0146
-1.0,1.0,333_run1_1AJ1_1_rename_0132
-1.0,1.0,529_run1_1AJ1_1_rename_0137
-1.0,1.0,833_run1_1AJ1_1_rename_0072
-1.0,1.0,757_run1_1AJ1_1_rename_0049
-1.0,1.0,709_run1_1AJ1_1_rename_0081
-1.0,1.0,932_run1_1AJ1_1_rename_0005
-1.0,1.0,567_run1_1AJ1_1_rename_0181
-1.0,1.0,659_run1_1AJ1_1_rename_0196
-1.0,1.0,777_run1_1AJ1_1_rename_0109
-1.0,1.0,967_run1_1AJ1_1_rename_0001
-1.0,1.0,681_run1_1AJ1_1_rename_0108
-1.0,1.0,103_run1_1AJ1_1_rename_0189
-1.0,1.0,538_run1_1AJ1_1_rename_0145
-1.0,1.0,972_run1_1AJ1_1_rename_0012
-1.0,1.0,481_run1_1AJ1_1_rename_0162
-1.0,1.0,806_run1_1AJ1_1_rename_0073
-1.0,1.0,527_run1_1AJ1_1_rename_0178
-1.0,1.0,705_run1_1AJ1_1_rename_0128
-1.0,1.0,985_run1_1AJ1_1_rename_0019
-1.0,1.0,725_run1_1AJ1_1_rename_0178
-1.0,1.0,916_run1_1AJ1_1_rename_0028
-1.0,1.0,765_run1_1AJ1_1_rename_0119
-1.0,1.0,912_run1_1AJ1_1_rename_0069
-1.0,1.0,986_run1_1AJ1_1_rename_0037
-1.0,1.0,453_run1_1AJ1_1_rename_0157
-1.0,1.0,795_run1_1AJ1_1_rename_0101
-1.0,1.0,810_run1_1AJ1_1_rename_0081
-1.0,1.0,929_run1_1AJ1_1_rename_0056
-1.0,1.0,454_run1_1AJ1_1_rename_0159
-1.0,1.0,1032_run1_1AJ1_1_rename_0014
-1.0,1.0,1033_run1_1AJ1_1_rename_0033
-1.0,1.0,831_run1_1AJ1_1_rename_0152
-1.0,1.0,786_run1_1AJ1_1_rename_0095
-1.0,1.0,333_run1_1AJ1_1_rename_0184
-1.0,1.0,1021_run1_1AJ1_1_rename_0032
-1.0,1.0,1043_run1_1AJ1_1_rename_0019
-1.0,1.0,1041_run1_1AJ1_1_rename_0015
-1.0,1.0,977_run1_1AJ1_1_rename_0060
-1.0,1.0,505_run1_1AJ1_1_rename_0123
-1.0,1.0,842_run1_1AJ1_1_rename_0126
-1.0,1.0,1059_run1_1AJ1_1_rename_0190
-1.0,1.0,827_run1_1AJ1_1_rename_0140
-1.0,1.0,897_run1_1AJ1_1_rename_0105
-1.0,1.0,948_run1_1AJ1_1_rename_0178
-1.0,1.0,817_run1_1AJ1_1_rename_0144
-1.0,1.0,986_run1_1AJ1_1_rename_0118
-1.0,1.0,841_run1_1AJ1_1_rename_0073
-1.0,1.0,929_run1_1AJ1_1_rename_0086
-1.0,1.0,961_run1_1AJ1_1_rename_0076
-1.0,1.0,786_run1_1AJ1_1_rename_0120
-1.0,1.0,991_run1_1AJ1_1_rename_0156
-1.0,1.0,891_run1_1AJ1_1_rename_0110
-1.0,1.0,845_run1_1AJ1_1_rename_0115
-1.0,1.0,1053_run1_1AJ1_1_rename_0051
-1.0,1.0,1144_run1_1AJ1_1_rename_0002
-1.0,1.0,2009_run1_1AJ1_1_rename_0046
-1.0,1.0,1136_run1_1AJ1_1_rename_0004
-1.0,1.0,908_run1_1AJ1_1_rename_0124
-1.0,1.0,1118_run1_1AJ1_1_rename_0026
-1.0,1.0,895_run1_1AJ1_1_rename_0167
-1.0,1.0,1164_run1_1AJ1_1_rename_0004
-1.0,1.0,1092_run1_1AJ1_1_rename_0097
-1.0,1.0,1156_run1_1AJ1_1_rename_0005
-1.0,1.0,920_run1_1AJ1_1_rename_0150
-1.0,1.0,819_run1_1AJ1_1_rename_0142
-1.0,1.0,1086_run1_1AJ1_1_rename_0046
-1.0,1.0,1193_run1_1AJ1_1_rename_0001
-1.0,1.0,1200_run1_1AJ1_1_rename_0038
-1.0,1.0,961_run1_1AJ1_1_rename_0104
-1.0,1.0,855_run1_1AJ1_1_rename_0171
-1.0,1.0,537_run1_1AJ1_1_rename_0166
-1.0,1.0,1032_run1_1AJ1_1_rename_0054
-1.0,1.0,843_run1_1AJ1_1_rename_0157
-1.0,1.0,973_run1_1AJ1_1_rename_0187
-1.0,1.0,1165_run1_1AJ1_1_rename_0048
-1.0,1.0,1186_run1_1AJ1_1_rename_0101
-1.0,1.0,992_run1_1AJ1_1_rename_0151
-1.0,1.0,816_run1_1AJ1_1_rename_0192
-1.0,1.0,975_run1_1AJ1_1_rename_0182
-1.0,1.0,813_run1_1AJ1_1_rename_0148
-1.0,1.0,757_run1_1AJ1_1_rename_0165
-1.0,1.0,1308_run1_1AJ1_1_rename_0006
-1.0,1.0,1053_run1_1AJ1_1_rename_0141
-1.0,1.0,1074_run1_1AJ1_1_rename_0085
-1.0,1.0,1224_run1_1AJ1_1_rename_0075
-1.0,1.0,1310_run1_1AJ1_1_rename_0015
-1.0,1.0,1228_run1_1AJ1_1_rename_0023
-1.0,1.0,1023_run1_1AJ1_1_rename_0139
-1.0,1.0,509_run1_1AJ1_1_rename_0188
-1.0,1.0,921_run1_1AJ1_1_rename_0167
-1.0,1.0,1124_run1_1AJ1_1_rename_0106
-1.0,1.0,1057_run1_1AJ1_1_rename_0169
-1.0,1.0,1080_run1_1AJ1_1_rename_0103
-1.0,1.0,1280_run1_1AJ1_1_rename_0028
-1.0,1.0,1250_run1_1AJ1_1_rename_0040
-1.0,1.0,1312_run1_1AJ1_1_rename_0034
-1.0,1.0,932_run1_1AJ1_1_rename_0150
-1.0,1.0,1241_run1_1AJ1_1_rename_0035
-1.0,1.0,1136_run1_1AJ1_1_rename_0111
-1.0,1.0,875_run1_1AJ1_1_rename_0168
-1.0,1.0,1153_run1_1AJ1_1_rename_0066
-1.0,1.0,1164_run1_1AJ1_1_rename_0098
-1.0,1.0,1268_run1_1AJ1_1_rename_0048
-1.0,1.0,1317_run1_1AJ1_1_rename_0069
-1.0,1.0,1277_run1_1AJ1_1_rename_0075
-1.0,1.0,876_run1_1AJ1_1_rename_0186
-1.0,1.0,1207_run1_1AJ1_1_rename_0126
-1.0,1.0,882_run1_1AJ1_1_rename_0198
-1.0,1.0,1356_run1_1AJ1_1_rename_0063
-1.0,1.0,869_run1_1AJ1_1_rename_0136
-1.0,1.0,900_run1_1AJ1_1_rename_0180
-1.0,1.0,785_run1_1AJ1_1_rename_0136
-1.0,1.0,1316_run1_1AJ1_1_rename_0048
-1.0,1.0,1336_run1_1AJ1_1_rename_0069
-1.0,1.0,1104_run1_1AJ1_1_rename_0136
-1.0,1.0,1316_run1_1AJ1_1_rename_0052
-1.0,1.0,1404_run1_1AJ1_1_rename_0038
-1.0,1.0,1081_run1_1AJ1_1_rename_0195
-1.0,1.0,1084_run1_1AJ1_1_rename_0137
-1.0,1.0,1077_run1_1AJ1_1_rename_0136
-1.0,1.0,1320_run1_1AJ1_1_rename_0055
-1.0,1.0,841_run1_1AJ1_1_rename_0151
-1.0,1.0,873_run1_1AJ1_1_rename_0141
-1.0,1.0,1268_run1_1AJ1_1_rename_0069
-1.0,1.0,1261_run1_1AJ1_1_rename_0069
-1.0,1.0,1433_run1_1AJ1_1_rename_0064
-1.0,1.0,1114_run1_1AJ1_1_rename_0142
-1.0,1.0,1080_run1_1AJ1_1_rename_0152
-1.0,1.0,1084_run1_1AJ1_1_rename_0146
-1.0,1.0,1230_run1_1AJ1_1_rename_0152
-1.0,1.0,791_run1_1AJ1_1_rename_0172
-1.0,1.0,1216_run1_1AJ1_1_rename_0162
-1.0,1.0,1449_run1_1AJ1_1_rename_0019
-1.0,1.0,1305_run1_1AJ1_1_rename_0094
-1.0,1.0,1108_run1_1AJ1_1_rename_0162
-1.0,1.0,1197_run1_1AJ1_1_rename_0196
-1.0,1.0,1152_run1_1AJ1_1_rename_0162
-1.0,1.0,1470_run1_1AJ1_1_rename_0015
-1.0,1.0,1491_run1_1AJ1_1_rename_0003
-1.0,1.0,1044_run1_1AJ1_1_rename_0163
-1.0,1.0,1221_run1_1AJ1_1_rename_0158
-1.0,1.0,1216_run1_1AJ1_1_rename_0181
-1.0,1.0,1507_run1_1AJ1_1_rename_0005
-1.0,1.0,1120_run1_1AJ1_1_rename_0198
-1.0,1.0,873_run1_1AJ1_1_rename_0173
-1.0,1.0,1382_run1_1AJ1_1_rename_0108
-1.0,1.0,1491_run1_1AJ1_1_rename_0024
-1.0,1.0,1481_run1_1AJ1_1_rename_0053
-1.0,1.0,1512_run1_1AJ1_1_rename_0008
-1.0,1.0,1409_run1_1AJ1_1_rename_0077
-1.0,1.0,1496_run1_1AJ1_1_rename_0019
-1.0,1.0,1441_run1_1AJ1_1_rename_0055
-1.0,1.0,1538_run1_1AJ1_1_rename_0001
-1.0,1.0,1517_run1_1AJ1_1_rename_0016
-1.0,1.0,1389_run1_1AJ1_1_rename_0052
-1.0,1.0,1405_run1_1AJ1_1_rename_0058
-1.0,1.0,1511_run1_1AJ1_1_rename_0014
-1.0,1.0,1121_run1_1AJ1_1_rename_0169
-1.0,1.0,1310_run1_1AJ1_1_rename_0121
-1.0,1.0,1373_run1_1AJ1_1_rename_0057
-1.0,1.0,1308_run1_1AJ1_1_rename_0145
-1.0,1.0,1379_run1_1AJ1_1_rename_0109
-1.0,1.0,1393_run1_1AJ1_1_rename_0102
-1.0,1.0,785_run1_1AJ1_1_rename_0184
-1.0,1.0,1409_run1_1AJ1_1_rename_0103
-1.0,1.0,1105_run1_1AJ1_1_rename_0134
-1.0,1.0,1503_run1_1AJ1_1_rename_0059
-1.0,1.0,1617_run1_1AJ1_1_rename_0005
-1.0,1.0,1396_run1_1AJ1_1_rename_0071
-1.0,1.0,1385_run1_1AJ1_1_rename_0169
-1.0,1.0,1525_run1_1AJ1_1_rename_0059
-1.0,1.0,1630_run1_1AJ1_1_rename_0007
-1.0,1.0,1541_run1_1AJ1_1_rename_0062
-1.0,1.0,1553_run1_1AJ1_1_rename_0015
-1.0,1.0,1473_run1_1AJ1_1_rename_0054
-1.0,1.0,1105_run1_1AJ1_1_rename_0142
-1.0,1.0,1148_run1_1AJ1_1_rename_0180
-1.0,1.0,1352_run1_1AJ1_1_rename_0133
-1.0,1.0,1490_run1_1AJ1_1_rename_0063
-1.0,1.0,1325_run1_1AJ1_1_rename_0140
-1.0,1.0,1592_run1_1AJ1_1_rename_0050
-1.0,1.0,1129_run1_1AJ1_1_rename_0194
-1.0,1.0,1412_run1_1AJ1_1_rename_0188
-1.0,1.0,1532_run1_1AJ1_1_rename_0107
-1.0,1.0,1625_run1_1AJ1_1_rename_0041
-1.0,1.0,1616_run1_1AJ1_1_rename_0055
-1.0,1.0,1393_run1_1AJ1_1_rename_0131
-1.0,1.0,1438_run1_1AJ1_1_rename_0123
-1.0,1.0,1656_run1_1AJ1_1_rename_0015
-1.0,1.0,1495_run1_1AJ1_1_rename_0069
-1.0,1.0,1541_run1_1AJ1_1_rename_0086
-1.0,1.0,1475_run1_1AJ1_1_rename_0117
-1.0,1.0,1566_run1_1AJ1_1_rename_0050
-1.0,1.0,1615_run1_1AJ1_1_rename_0065
-1.0,1.0,1496_run1_1AJ1_1_rename_0081
-1.0,1.0,1453_run1_1AJ1_1_rename_0096
-1.0,1.0,1547_run1_1AJ1_1_rename_0162
-1.0,1.0,1492_run1_1AJ1_1_rename_0106
-1.0,1.0,1671_run1_1AJ1_1_rename_0035
-1.0,1.0,1609_run1_1AJ1_1_rename_0081
-1.0,1.0,1379_run1_1AJ1_1_rename_0179
-1.0,1.0,1571_run1_1AJ1_1_rename_0121
-1.0,1.0,1316_run1_1AJ1_1_rename_0156
-1.0,1.0,1405_run1_1AJ1_1_rename_0132
-1.0,1.0,1512_run1_1AJ1_1_rename_0081
-1.0,1.0,1541_run1_1AJ1_1_rename_0118
-1.0,1.0,1677_run1_1AJ1_1_rename_0032
-1.0,1.0,1477_run1_1AJ1_1_rename_0136
-1.0,1.0,1616_run1_1AJ1_1_rename_0160
-1.0,1.0,1491_run1_1AJ1_1_rename_0106
-1.0,1.0,1615_run1_1AJ1_1_rename_0122
-1.0,1.0,1568_run1_1AJ1_1_rename_0044
-1.0,1.0,1667_run1_1AJ1_1_rename_0086
-1.0,1.0,1645_run1_1AJ1_1_rename_0107
-1.0,1.0,1763_run1_1AJ1_1_rename_0019
-1.0,1.0,1300_run1_1AJ1_1_rename_0171
-1.0,1.0,1440_run1_1AJ1_1_rename_0198
-1.0,1.0,1501_run1_1AJ1_1_rename_0128
-1.0,1.0,1392_run1_1AJ1_1_rename_0137
-1.0,1.0,1654_run1_1AJ1_1_rename_0108
-1.0,1.0,1533_run1_1AJ1_1_rename_0183
-1.0,1.0,1561_run1_1AJ1_1_rename_0171
-1.0,1.0,1444_run1_1AJ1_1_rename_0115
-1.0,1.0,1552_run1_1AJ1_1_rename_0107
-1.0,1.0,1540_run1_1AJ1_1_rename_0121
-1.0,1.0,1394_run1_1AJ1_1_rename_0181
-1.0,1.0,1566_run1_1AJ1_1_rename_0084
-1.0,1.0,1716_run1_1AJ1_1_rename_0043
-1.0,1.0,1768_run1_1AJ1_1_rename_0018
-1.0,1.0,1460_run1_1AJ1_1_rename_0123
-1.0,1.0,1646_run1_1AJ1_1_rename_0196
-1.0,1.0,1717_run1_1AJ1_1_rename_0036
-1.0,1.0,1569_run1_1AJ1_1_rename_0088
-1.0,1.0,1520_run1_1AJ1_1_rename_0135
-1.0,1.0,1495_run1_1AJ1_1_rename_0131
-1.0,1.0,1556_run1_1AJ1_1_rename_0070
-1.0,1.0,1728_run1_1AJ1_1_rename_0041
-1.0,1.0,1536_run1_1AJ1_1_rename_0137
-1.0,1.0,1856_run1_1AJ1_1_rename_0009
-1.0,1.0,1456_run1_1AJ1_1_rename_0139
-1.0,1.0,1464_run1_1AJ1_1_rename_0125
-1.0,1.0,1505_run1_1AJ1_1_rename_0117
-1.0,1.0,1443_run1_1AJ1_1_rename_0199
-1.0,1.0,1735_run1_1AJ1_1_rename_0073
-1.0,1.0,1784_run1_1AJ1_1_rename_0021
-1.0,1.0,1842_run1_1AJ1_1_rename_0013
-1.0,1.0,1761_run1_1AJ1_1_rename_0077
-1.0,1.0,1708_run1_1AJ1_1_rename_0088
-1.0,1.0,1772_run1_1AJ1_1_rename_0087
-1.0,1.0,1540_run1_1AJ1_1_rename_0152
-1.0,1.0,1564_run1_1AJ1_1_rename_0182
-1.0,1.0,1701_run1_1AJ1_1_rename_0095
-1.0,1.0,1795_run1_1AJ1_1_rename_0042
-1.0,1.0,1392_run1_1AJ1_1_rename_0191
-1.0,1.0,1801_run1_1AJ1_1_rename_0052
-1.0,1.0,1713_run1_1AJ1_1_rename_0046
-1.0,1.0,1681_run1_1AJ1_1_rename_0083
-1.0,1.0,1875_run1_1AJ1_1_rename_0042
-1.0,1.0,1767_run1_1AJ1_1_rename_0091
-1.0,1.0,1897_run1_1AJ1_1_rename_0081
-1.0,1.0,1469_run1_1AJ1_1_rename_0139
-1.0,1.0,1680_run1_1AJ1_1_rename_0188
-1.0,1.0,1763_run1_1AJ1_1_rename_0131
-1.0,1.0,1732_run1_1AJ1_1_rename_0062
-1.0,1.0,1902_run1_1AJ1_1_rename_0055
-1.0,1.0,1980_run1_1AJ1_1_rename_0016
-1.0,1.0,1719_run1_1AJ1_1_rename_0121
-1.0,1.0,1453_run1_1AJ1_1_rename_0171
-1.0,1.0,1757_run1_1AJ1_1_rename_0119
-1.0,1.0,2015_run1_1AJ1_1_rename_0072
-1.0,1.0,1919_run1_1AJ1_1_rename_0060
-1.0,1.0,1833_run1_1AJ1_1_rename_0066
-1.0,1.0,2088_run1_1AJ1_1_rename_0004
-1.0,1.0,2046_run1_1AJ1_1_rename_0057
-1.0,1.0,1906_run1_1AJ1_1_rename_0181
-1.0,1.0,1880_run1_1AJ1_1_rename_0103
-1.0,1.0,1555_run1_1AJ1_1_rename_0198
-1.0,1.0,1938_run1_1AJ1_1_rename_0051
-1.0,1.0,2071_run1_1AJ1_1_rename_0065
-1.0,1.0,1724_run1_1AJ1_1_rename_0194
-1.0,1.0,1791_run1_1AJ1_1_rename_0134
-1.0,1.0,2113_run1_1AJ1_1_rename_0010
-1.0,1.0,1843_run1_1AJ1_1_rename_0192
-1.0,1.0,1833_run1_1AJ1_1_rename_0106
-1.0,1.0,1684_run1_1AJ1_1_rename_0123
-1.0,1.0,1855_run1_1AJ1_1_rename_0104
-1.0,1.0,1862_run1_1AJ1_1_rename_0125
-1.0,1.0,1883_run1_1AJ1_1_rename_0067
-1.0,1.0,2114_run1_1AJ1_1_rename_0027
-1.0,1.0,1852_run1_1AJ1_1_rename_0175
-1.0,1.0,1741_run1_1AJ1_1_rename_0139
-1.0,1.0,1565_run1_1AJ1_1_rename_0157
-1.0,1.0,2187_run1_1AJ1_1_rename_0137
-1.0,1.0,2231_run1_1AJ1_1_rename_0051
-1.0,1.0,2140_run1_1AJ1_1_rename_0181
-1.0,1.0,1854_run1_1AJ1_1_rename_0182
-1.0,1.0,1725_run1_1AJ1_1_rename_0159
-1.0,1.0,2143_run1_1AJ1_1_rename_0160
-1.0,1.0,1910_run1_1AJ1_1_rename_0084
-1.0,1.0,2112_run1_1AJ1_1_rename_0115
-1.0,1.0,2114_run1_1AJ1_1_rename_0055
-1.0,1.0,1777_run1_1AJ1_1_rename_0167
-1.0,1.0,1946_run1_1AJ1_1_rename_0200
-1.0,1.0,1508_run1_1AJ1_1_rename_0189
-1.0,1.0,2241_run1_1AJ1_1_rename_0044
-1.0,1.0,2091_run1_1AJ1_1_rename_0178
-1.0,1.0,1910_run1_1AJ1_1_rename_0098
-1.0,1.0,1849_run1_1AJ1_1_rename_0199
-1.0,1.0,1993_run1_1AJ1_1_rename_0176
-1.0,1.0,2284_run1_1AJ1_1_rename_0033
-1.0,1.0,2348_run1_1AJ1_1_rename_0036
-1.0,1.0,2253_run1_1AJ1_1_rename_0046
-1.0,1.0,2245_run1_1AJ1_1_rename_0058
-1.0,1.0,2086_run1_1AJ1_1_rename_0187
-1.0,1.0,2461_run1_1AJ1_1_rename_0006
-1.0,1.0,2416_run1_1AJ1_1_rename_0026
-1.0,1.0,1989_run1_1AJ1_1_rename_0095
-1.0,1.0,1940_run1_1AJ1_1_rename_0149
-1.0,1.0,2404_run1_1AJ1_1_rename_0076
-1.0,1.0,2257_run1_1AJ1_1_rename_0072
-1.0,1.0,2221_run1_1AJ1_1_rename_0130
-1.0,1.0,2264_run1_1AJ1_1_rename_0037
-1.0,1.0,2476_run1_1AJ1_1_rename_0023
-1.0,1.0,2328_run1_1AJ1_1_rename_0041
-1.0,1.0,2256_run1_1AJ1_1_rename_0034
-1.0,1.0,1938_run1_1AJ1_1_rename_0176
-1.0,1.0,1799_run1_1AJ1_1_rename_0184
-1.0,1.0,1941_run1_1AJ1_1_rename_0150
-1.0,1.0,1833_run1_1AJ1_1_rename_0199
-1.0,1.0,1799_run1_1AJ1_1_rename_0185
-1.0,1.0,2516_run1_1AJ1_1_rename_0040
-1.0,1.0,2318_run1_1AJ1_1_rename_0080
-1.0,1.0,2493_run1_1AJ1_1_rename_0097
-1.0,1.0,2593_run1_1AJ1_1_rename_0003
-1.0,1.0,2453_run1_1AJ1_1_rename_0027
-1.0,1.0,2581_run1_1AJ1_1_rename_0012
-1.0,1.0,2114_run1_1AJ1_1_rename_0115
-1.0,1.0,2120_run1_1AJ1_1_rename_0096
-1.0,1.0,2423_run1_1AJ1_1_rename_0089
-1.0,1.0,1696_run1_1AJ1_1_rename_0193
-1.0,1.0,2635_run1_1AJ1_1_rename_0011
-1.0,1.0,2429_run1_1AJ1_1_rename_0060
-1.0,1.0,2621_run1_1AJ1_1_rename_0020
-1.0,1.0,2545_run1_1AJ1_1_rename_0091
-1.0,1.0,2326_run1_1AJ1_1_rename_0103
-1.0,1.0,2323_run1_1AJ1_1_rename_0149
-1.0,1.0,2486_run1_1AJ1_1_rename_0081
-1.0,1.0,2655_run1_1AJ1_1_rename_0017
-1.0,1.0,1911_run1_1AJ1_1_rename_0178
-1.0,1.0,2604_run1_1AJ1_1_rename_0046
-1.0,1.0,2644_run1_1AJ1_1_rename_0033
-1.0,1.0,2646_run1_1AJ1_1_rename_0035
-1.0,1.0,2286_run1_1AJ1_1_rename_0191
-1.0,1.0,2604_run1_1AJ1_1_rename_0047
-1.0,1.0,2550_run1_1AJ1_1_rename_0061
-1.0,1.0,2682_run1_1AJ1_1_rename_0016
-1.0,1.0,2605_run1_1AJ1_1_rename_0052
-1.0,1.0,2324_run1_1AJ1_1_rename_0141
-1.0,1.0,2264_run1_1AJ1_1_rename_0078
-1.0,1.0,2361_run1_1AJ1_1_rename_0137
-1.0,1.0,2620_run1_1AJ1_1_rename_0053
-1.0,1.0,2320_run1_1AJ1_1_rename_0190
-1.0,1.0,2592_run1_1AJ1_1_rename_0038
-1.0,1.0,2709_run1_1AJ1_1_rename_0052
-1.0,1.0,2593_run1_1AJ1_1_rename_0049
-1.0,1.0,2505_run1_1AJ1_1_rename_0179
-1.0,1.0,2701_run1_1AJ1_1_rename_0067
-1.0,1.0,2713_run1_1AJ1_1_rename_0058
-1.0,1.0,2792_run1_1AJ1_1_rename_0002
-1.0,1.0,2654_run1_1AJ1_1_rename_0064
-1.0,1.0,2628_run1_1AJ1_1_rename_0108
-1.0,1.0,2753_run1_1AJ1_1_rename_0051
-1.0,1.0,2113_run1_1AJ1_1_rename_0180
-1.0,1.0,2803_run1_1AJ1_1_rename_0010
-1.0,1.0,2828_run1_1AJ1_1_rename_0006
-1.0,1.0,2771_run1_1AJ1_1_rename_0060
-1.0,1.0,2451_run1_1AJ1_1_rename_0145
-1.0,1.0,2773_run1_1AJ1_1_rename_0057
-1.0,1.0,2451_run1_1AJ1_1_rename_0146
-1.0,1.0,2719_run1_1AJ1_1_rename_0172
-1.0,1.0,2743_run1_1AJ1_1_rename_0123
-1.0,1.0,2849_run1_1AJ1_1_rename_0013
-1.0,1.0,1989_run1_1AJ1_1_rename_0190
-1.0,1.0,2332_run1_1AJ1_1_rename_0102
-1.0,1.0,2605_run1_1AJ1_1_rename_0123
-1.0,1.0,2770_run1_1AJ1_1_rename_0087
-1.0,1.0,2850_run1_1AJ1_1_rename_0033
-1.0,1.0,2610_run1_1AJ1_1_rename_0165
-1.0,1.0,2416_run1_1AJ1_1_rename_0179
-1.0,1.0,2750_run1_1AJ1_1_rename_0084
-1.0,1.0,2634_run1_1AJ1_1_rename_0179
-1.0,1.0,2101_run1_1AJ1_1_rename_0158
-1.0,1.0,2748_run1_1AJ1_1_rename_0136
-1.0,1.0,2857_run1_1AJ1_1_rename_0012
-1.0,1.0,2861_run1_1AJ1_1_rename_0017
-1.0,1.0,2680_run1_1AJ1_1_rename_0076
-1.0,1.0,2769_run1_1AJ1_1_rename_0081
-1.0,1.0,2761_run1_1AJ1_1_rename_0096
-1.0,1.0,2791_run1_1AJ1_1_rename_0086
-1.0,1.0,2648_run1_1AJ1_1_rename_0127
-1.0,1.0,2807_run1_1AJ1_1_rename_0088
-1.0,1.0,2846_run1_1AJ1_1_rename_0045
-1.0,1.0,2893_run1_1AJ1_1_rename_0027
-1.0,1.0,2718_run1_1AJ1_1_rename_0173
-1.0,1.0,2552_run1_1AJ1_1_rename_0154
-1.0,1.0,2757_run1_1AJ1_1_rename_0102
-1.0,1.0,2462_run1_1AJ1_1_rename_0144
-1.0,1.0,2929_run1_1AJ1_1_rename_0051
-1.0,1.0,2941_run1_1AJ1_1_rename_0018
-1.0,1.0,2721_run1_1AJ1_1_rename_0152
-1.0,1.0,2794_run1_1AJ1_1_rename_0156
-1.0,1.0,2823_run1_1AJ1_1_rename_0162
-1.0,1.0,2101_run1_1AJ1_1_rename_0191
-1.0,1.0,2857_run1_1AJ1_1_rename_0065
-1.0,1.0,2751_run1_1AJ1_1_rename_0181
-1.0,1.0,2949_run1_1AJ1_1_rename_0059
-1.0,1.0,2682_run1_1AJ1_1_rename_0114
-1.0,1.0,2713_run1_1AJ1_1_rename_0171
-1.0,1.0,2881_run1_1AJ1_1_rename_0066
-1.0,1.0,2769_run1_1AJ1_1_rename_0111
-1.0,1.0,2741_run1_1AJ1_1_rename_0156
-1.0,1.0,2898_run1_1AJ1_1_rename_0098
-1.0,1.0,3037_run1_1AJ1_1_rename_0006
-1.0,1.0,2649_run1_1AJ1_1_rename_0184
-1.0,1.0,2901_run1_1AJ1_1_rename_0118
-1.0,1.0,2970_run1_1AJ1_1_rename_0127
-1.0,1.0,2662_run1_1AJ1_1_rename_0173
-1.0,1.0,2797_run1_1AJ1_1_rename_0141
-1.0,1.0,3014_run1_1AJ1_1_rename_0034
-1.0,1.0,2997_run1_1AJ1_1_rename_0096
-1.0,1.0,3088_run1_1AJ1_1_rename_0015
-1.0,1.0,2769_run1_1AJ1_1_rename_0131
-1.0,1.0,3142_run1_1AJ1_1_rename_0007
-1.0,1.0,3025_run1_1AJ1_1_rename_0047
-1.0,1.0,2860_run1_1AJ1_1_rename_0089
-1.0,1.0,2341_run1_1AJ1_1_rename_0165
-1.0,1.0,2837_run1_1AJ1_1_rename_0199
-1.0,1.0,2797_run1_1AJ1_1_rename_0189
-1.0,1.0,3156_run1_1AJ1_1_rename_0021
-1.0,1.0,3137_run1_1AJ1_1_rename_0009
-1.0,1.0,2965_run1_1AJ1_1_rename_0132
-1.0,1.0,2846_run1_1AJ1_1_rename_0174
-1.0,1.0,3107_run1_1AJ1_1_rename_0117
-1.0,1.0,3191_run1_1AJ1_1_rename_0012
-1.0,1.0,2881_run1_1AJ1_1_rename_0128
-1.0,1.0,3058_run1_1AJ1_1_rename_0113
-1.0,1.0,2596_run1_1AJ1_1_rename_0162
-1.0,1.0,3060_run1_1AJ1_1_rename_0150
-1.0,1.0,2877_run1_1AJ1_1_rename_0113
-1.0,1.0,3133_run1_1AJ1_1_rename_0046
-1.0,1.0,3166_run1_1AJ1_1_rename_0030
-1.0,1.0,3005_run1_1AJ1_1_rename_0174
-1.0,1.0,2325_run1_1AJ1_1_rename_0158
-1.0,1.0,2865_run1_1AJ1_1_rename_0187
-1.0,1.0,3079_run1_1AJ1_1_rename_0129
-1.0,1.0,3161_run1_1AJ1_1_rename_0056
-1.0,1.0,3277_run1_1AJ1_1_rename_0007
-1.0,1.0,3166_run1_1AJ1_1_rename_0038
-1.0,1.0,3184_run1_1AJ1_1_rename_0033
-1.0,1.0,3134_run1_1AJ1_1_rename_0085
-1.0,1.0,3021_run1_1AJ1_1_rename_0123
-1.0,1.0,2592_run1_1AJ1_1_rename_0144
-1.0,1.0,3137_run1_1AJ1_1_rename_0019
-1.0,1.0,3248_run1_1AJ1_1_rename_0032
-1.0,1.0,2873_run1_1AJ1_1_rename_0109
-1.0,1.0,3224_run1_1AJ1_1_rename_0092
-1.0,1.0,3001_run1_1AJ1_1_rename_0167
-1.0,1.0,2890_run1_1AJ1_1_rename_0160
-1.0,1.0,3163_run1_1AJ1_1_rename_0080
-1.0,1.0,2834_run1_1AJ1_1_rename_0197
-1.0,1.0,2604_run1_1AJ1_1_rename_0200
-1.0,1.0,3355_run1_1AJ1_1_rename_0058
-1.0,1.0,2332_run1_1AJ1_1_rename_0179
-1.0,1.0,3144_run1_1AJ1_1_rename_0131
-1.0,1.0,3181_run1_1AJ1_1_rename_0179
-1.0,1.0,3369_run1_1AJ1_1_rename_0010
-1.0,1.0,3105_run1_1AJ1_1_rename_0150
-1.0,1.0,3223_run1_1AJ1_1_rename_0115
-1.0,1.0,2873_run1_1AJ1_1_rename_0122
-1.0,1.0,2680_run1_1AJ1_1_rename_0156
-1.0,1.0,3140_run1_1AJ1_1_rename_0105
-1.0,1.0,3088_run1_1AJ1_1_rename_0188
-1.0,1.0,2910_run1_1AJ1_1_rename_0170
-1.0,1.0,3159_run1_1AJ1_1_rename_0154
-1.0,1.0,3451_run1_1AJ1_1_rename_0001
-1.0,1.0,3214_run1_1AJ1_1_rename_0106
-1.0,1.0,3501_run1_1AJ1_1_rename_0015
-1.0,1.0,2877_run1_1AJ1_1_rename_0171
-1.0,1.0,3273_run1_1AJ1_1_rename_0119
-1.0,1.0,3503_run1_1AJ1_1_rename_0024
-1.0,1.0,3172_run1_1AJ1_1_rename_0180
-1.0,1.0,3466_run1_1AJ1_1_rename_0036
-1.0,1.0,3170_run1_1AJ1_1_rename_0160
-1.0,1.0,3373_run1_1AJ1_1_rename_0043
-1.0,1.0,2909_run1_1AJ1_1_rename_0120
-1.0,1.0,3333_run1_1AJ1_1_rename_0107
-1.0,1.0,3220_run1_1AJ1_1_rename_0159
-1.0,1.0,3214_run1_1AJ1_1_rename_0144
-1.0,1.0,3437_run1_1AJ1_1_rename_0059
-1.0,1.0,3418_run1_1AJ1_1_rename_0022
-1.0,1.0,3559_run1_1AJ1_1_rename_0032
-1.0,1.0,3138_run1_1AJ1_1_rename_0147
-1.0,1.0,3541_run1_1AJ1_1_rename_0096
-1.0,1.0,2861_run1_1AJ1_1_rename_0184
-1.0,1.0,3593_run1_1AJ1_1_rename_0017
-1.0,1.0,3613_run1_1AJ1_1_rename_0021
-1.0,1.0,3459_run1_1AJ1_1_rename_0056
-1.0,1.0,3563_run1_1AJ1_1_rename_0063
-1.0,1.0,3374_run1_1AJ1_1_rename_0097
-1.0,1.0,3366_run1_1AJ1_1_rename_0030
-1.0,1.0,3601_run1_1AJ1_1_rename_0015
-1.0,1.0,3420_run1_1AJ1_1_rename_0062
-1.0,1.0,3361_run1_1AJ1_1_rename_0063
-1.0,1.0,3372_run1_1AJ1_1_rename_0107
-1.0,1.0,3555_run1_1AJ1_1_rename_0154
-1.0,1.0,3502_run1_1AJ1_1_rename_0156
-1.0,1.0,3486_run1_1AJ1_1_rename_0106
-1.0,1.0,3473_run1_1AJ1_1_rename_0090
-1.0,1.0,3395_run1_1AJ1_1_rename_0092
-1.0,1.0,3464_run1_1AJ1_1_rename_0097
-1.0,1.0,3494_run1_1AJ1_1_rename_0113
-1.0,1.0,3559_run1_1AJ1_1_rename_0167
-1.0,1.0,3693_run1_1AJ1_1_rename_0016
-1.0,1.0,3645_run1_1AJ1_1_rename_0082
-1.0,1.0,3639_run1_1AJ1_1_rename_0118
-1.0,1.0,3695_run1_1AJ1_1_rename_0046
-1.0,1.0,3744_run1_1AJ1_1_rename_0032
-1.0,1.0,3444_run1_1AJ1_1_rename_0120
-1.0,1.0,3438_run1_1AJ1_1_rename_0156
-1.0,1.0,3494_run1_1AJ1_1_rename_0133
-1.0,1.0,3392_run1_1AJ1_1_rename_0133
-1.0,1.0,3713_run1_1AJ1_1_rename_0085
-1.0,1.0,3677_run1_1AJ1_1_rename_0025
-1.0,1.0,3649_run1_1AJ1_1_rename_0096
-1.0,1.0,3408_run1_1AJ1_1_rename_0144
-1.0,1.0,3431_run1_1AJ1_1_rename_0152
-1.0,1.0,3417_run1_1AJ1_1_rename_0084
-1.0,1.0,3447_run1_1AJ1_1_rename_0091
-1.0,1.0,3776_run1_1AJ1_1_rename_0098
-1.0,1.0,3829_run1_1AJ1_1_rename_0013
-1.0,1.0,3612_run1_1AJ1_1_rename_0163
-1.0,1.0,3635_run1_1AJ1_1_rename_0091
-1.0,1.0,3466_run1_1AJ1_1_rename_0135
-1.0,1.0,3645_run1_1AJ1_1_rename_0161
-1.0,1.0,3633_run1_1AJ1_1_rename_0111
-1.0,1.0,3583_run1_1AJ1_1_rename_0196
-1.0,1.0,3550_run1_1AJ1_1_rename_0198
-1.0,1.0,3662_run1_1AJ1_1_rename_0103
-1.0,1.0,3412_run1_1AJ1_1_rename_0089
-1.0,1.0,3886_run1_1AJ1_1_rename_0031
-1.0,1.0,3667_run1_1AJ1_1_rename_0093
-1.0,1.0,3494_run1_1AJ1_1_rename_0167
-1.0,1.0,3679_run1_1AJ1_1_rename_0130
-1.0,1.0,3695_run1_1AJ1_1_rename_0096
-1.0,1.0,3913_run1_1AJ1_1_rename_0026
-1.0,1.0,3875_run1_1AJ1_1_rename_0149
-1.0,1.0,4021_run1_1AJ1_1_rename_0026
-1.0,1.0,3965_run1_1AJ1_1_rename_0039
-1.0,1.0,4046_run1_1AJ1_1_rename_0011
-1.0,1.0,3951_run1_1AJ1_1_rename_0037
-1.0,1.0,3599_run1_1AJ1_1_rename_0176
-1.0,1.0,3682_run1_1AJ1_1_rename_0141
-1.0,1.0,3949_run1_1AJ1_1_rename_0075
-1.0,1.0,3840_run1_1AJ1_1_rename_0101
-1.0,1.0,3522_run1_1AJ1_1_rename_0172
-1.0,1.0,3599_run1_1AJ1_1_rename_0190
-1.0,1.0,3361_run1_1AJ1_1_rename_0144
-1.0,1.0,3685_run1_1AJ1_1_rename_0137
-1.0,1.0,4017_run1_1AJ1_1_rename_0095
-1.0,1.0,4024_run1_1AJ1_1_rename_0036
-1.0,1.0,3944_run1_1AJ1_1_rename_0174
-1.0,1.0,3382_run1_1AJ1_1_rename_0120
-1.0,1.0,3422_run1_1AJ1_1_rename_0156
-1.0,1.0,3949_run1_1AJ1_1_rename_0104
-1.0,1.0,4068_run1_1AJ1_1_rename_0047
-1.0,1.0,4025_run1_1AJ1_1_rename_0054
-1.0,1.0,3422_run1_1AJ1_1_rename_0157
-1.0,1.0,3977_run1_1AJ1_1_rename_0089
-1.0,1.0,3935_run1_1AJ1_1_rename_0120
-1.0,1.0,4131_run1_1AJ1_1_rename_0025
-1.0,1.0,3949_run1_1AJ1_1_rename_0138
-1.0,1.0,3676_run1_1AJ1_1_rename_0151
-1.0,1.0,4000_run1_1AJ1_1_rename_0081
-1.0,1.0,3389_run1_1AJ1_1_rename_0131
-1.0,1.0,3382_run1_1AJ1_1_rename_0132
-1.0,1.0,3683_run1_1AJ1_1_rename_0179
-1.0,1.0,4065_run1_1AJ1_1_rename_0109
-1.0,1.0,3810_run1_1AJ1_1_rename_0164
-1.0,1.0,3609_run1_1AJ1_1_rename_0155
-1.0,1.0,4164_run1_1AJ1_1_rename_0131
-1.0,1.0,4228_run1_1AJ1_1_rename_0074
-1.0,1.0,3613_run1_1AJ1_1_rename_0192
-1.0,1.0,3677_run1_1AJ1_1_rename_0125
-1.0,1.0,4083_run1_1AJ1_1_rename_0122
-1.0,1.0,4296_run1_1AJ1_1_rename_0065
-1.0,1.0,4030_run1_1AJ1_1_rename_0190
-1.0,1.0,3361_run1_1AJ1_1_rename_0192
-1.0,1.0,4272_run1_1AJ1_1_rename_0078
-1.0,1.0,4417_run1_1AJ1_1_rename_0006
-1.0,1.0,4034_run1_1AJ1_1_rename_0155
-1.0,1.0,4036_run1_1AJ1_1_rename_0143
-1.0,1.0,4284_run1_1AJ1_1_rename_0093
-1.0,1.0,4271_run1_1AJ1_1_rename_0095
-1.0,1.0,4352_run1_1AJ1_1_rename_0062
-1.0,1.0,4449_run1_1AJ1_1_rename_0001
-1.0,1.0,3382_run1_1AJ1_1_rename_0154
-1.0,1.0,4025_run1_1AJ1_1_rename_0167
-1.0,1.0,4275_run1_1AJ1_1_rename_0097
-1.0,1.0,4366_run1_1AJ1_1_rename_0068
-1.0,1.0,4063_run1_1AJ1_1_rename_0145
-1.0,1.0,3382_run1_1AJ1_1_rename_0158
-1.0,1.0,4436_run1_1AJ1_1_rename_0014
-1.0,1.0,4491_run1_1AJ1_1_rename_0014
-1.0,1.0,4424_run1_1AJ1_1_rename_0034
-1.0,1.0,4551_run1_1AJ1_1_rename_0012
-1.0,1.0,3384_run1_1AJ1_1_rename_0179
-1.0,1.0,4452_run1_1AJ1_1_rename_0035
-1.0,1.0,4131_run1_1AJ1_1_rename_0129
-1.0,1.0,4525_run1_1AJ1_1_rename_0036
-1.0,1.0,4430_run1_1AJ1_1_rename_0038
-1.0,1.0,4114_run1_1AJ1_1_rename_0185
-1.0,1.0,4471_run1_1AJ1_1_rename_0038
-1.0,1.0,4558_run1_1AJ1_1_rename_0030
-1.0,1.0,4635_run1_1AJ1_1_rename_0043
-1.0,1.0,4613_run1_1AJ1_1_rename_0030
-1.0,1.0,4654_run1_1AJ1_1_rename_0015
-1.0,1.0,4479_run1_1AJ1_1_rename_0027
-1.0,1.0,4676_run1_1AJ1_1_rename_0001
-1.0,1.0,3677_run1_1AJ1_1_rename_0163
-1.0,1.0,3382_run1_1AJ1_1_rename_0179
-1.0,1.0,4366_run1_1AJ1_1_rename_0153
-1.0,1.0,4436_run1_1AJ1_1_rename_0045
-1.0,1.0,4504_run1_1AJ1_1_rename_0078
-1.0,1.0,4585_run1_1AJ1_1_rename_0051
-1.0,1.0,4468_run1_1AJ1_1_rename_0035
-1.0,1.0,4608_run1_1AJ1_1_rename_0027
-1.0,1.0,3661_run1_1AJ1_1_rename_0192
-1.0,1.0,3661_run1_1AJ1_1_rename_0194
-1.0,1.0,3382_run1_1AJ1_1_rename_0189
-1.0,1.0,4725_run1_1AJ1_1_rename_0003
-1.0,1.0,4595_run1_1AJ1_1_rename_0079
-1.0,1.0,4460_run1_1AJ1_1_rename_0107
-1.0,1.0,4676_run1_1AJ1_1_rename_0048
-1.0,1.0,4729_run1_1AJ1_1_rename_0010
-1.0,1.0,4468_run1_1AJ1_1_rename_0049
-1.0,1.0,4404_run1_1AJ1_1_rename_0093
-1.0,1.0,4417_run1_1AJ1_1_rename_0121
-1.0,1.0,4132_run1_1AJ1_1_rename_0198
-1.0,1.0,4763_run1_1AJ1_1_rename_0011
-1.0,1.0,4538_run1_1AJ1_1_rename_0106
-1.0,1.0,3366_run1_1AJ1_1_rename_0159
-1.0,1.0,4428_run1_1AJ1_1_rename_0113
-1.0,1.0,4550_run1_1AJ1_1_rename_0070
-1.0,1.0,4616_run1_1AJ1_1_rename_0197
-1.0,1.0,4777_run1_1AJ1_1_rename_0009
-1.0,1.0,4817_run1_1AJ1_1_rename_0014
-1.0,1.0,4756_run1_1AJ1_1_rename_0092
-1.0,1.0,4444_run1_1AJ1_1_rename_0194
-1.0,1.0,4859_run1_1AJ1_1_rename_0016
-1.0,1.0,4558_run1_1AJ1_1_rename_0109
-1.0,1.0,4804_run1_1AJ1_1_rename_0043
-1.0,1.0,4586_run1_1AJ1_1_rename_0197
-1.0,1.0,4378_run1_1AJ1_1_rename_0162
-1.0,1.0,4781_run1_1AJ1_1_rename_0028
-1.0,1.0,4469_run1_1AJ1_1_rename_0110
-1.0,1.0,4559_run1_1AJ1_1_rename_0129
-1.0,1.0,4564_run1_1AJ1_1_rename_0093
-1.0,1.0,4731_run1_1AJ1_1_rename_0069
-1.0,1.0,4608_run1_1AJ1_1_rename_0157
-1.0,1.0,4421_run1_1AJ1_1_rename_0146
-1.0,1.0,4926_run1_1AJ1_1_rename_0019
-1.0,1.0,4398_run1_1AJ1_1_rename_0149
-1.0,1.0,4720_run1_1AJ1_1_rename_0087
-1.0,1.0,4901_run1_1AJ1_1_rename_0044
-1.0,1.0,4815_run1_1AJ1_1_rename_0089
-1.0,1.0,4557_run1_1AJ1_1_rename_0180
-1.0,1.0,4474_run1_1AJ1_1_rename_0128
-1.0,1.0,4505_run1_1AJ1_1_rename_0192
-1.0,1.0,4779_run1_1AJ1_1_rename_0086
-1.0,1.0,4830_run1_1AJ1_1_rename_0112
-1.0,1.0,4988_run1_1AJ1_1_rename_0002
-1.0,1.0,4770_run1_1AJ1_1_rename_0156
-1.0,1.0,4822_run1_1AJ1_1_rename_0115
-1.0,1.0,4386_run1_1AJ1_1_rename_0152
-1.0,1.0,4560_run1_1AJ1_1_rename_0181
-1.0,1.0,4832_run1_1AJ1_1_rename_0051
-1.0,1.0,4383_run1_1AJ1_1_rename_0178
-1.0,1.0,4372_run1_1AJ1_1_rename_0146
-1.0,1.0,4925_run1_1AJ1_1_rename_0080
-1.0,1.0,4389_run1_1AJ1_1_rename_0181
-1.0,1.0,4502_run1_1AJ1_1_rename_0148
-1.0,1.0,4774_run1_1AJ1_1_rename_0118
-1.0,1.0,4980_run1_1AJ1_1_rename_0030
-1.0,1.0,4803_run1_1AJ1_1_rename_0161
-1.0,1.0,5076_run1_1AJ1_1_rename_0003
-1.0,1.0,4971_run1_1AJ1_1_rename_0045
-1.0,1.0,5031_run1_1AJ1_1_rename_0025
-1.0,1.0,4760_run1_1AJ1_1_rename_0109
-1.0,1.0,4781_run1_1AJ1_1_rename_0094
-1.0,1.0,4986_run1_1AJ1_1_rename_0059
-1.0,1.0,4896_run1_1AJ1_1_rename_0164
-1.0,1.0,4783_run1_1AJ1_1_rename_0134
-1.0,1.0,4722_run1_1AJ1_1_rename_0090
-1.0,1.0,4896_run1_1AJ1_1_rename_0169
-1.0,1.0,5044_run1_1AJ1_1_rename_0126
-1.0,1.0,4725_run1_1AJ1_1_rename_0133
-1.0,1.0,4419_run1_1AJ1_1_rename_0199
-1.0,1.0,4832_run1_1AJ1_1_rename_0116
-1.0,1.0,4465_run1_1AJ1_1_rename_0189
-1.0,1.0,4960_run1_1AJ1_1_rename_0091
-1.0,1.0,4889_run1_1AJ1_1_rename_0167
-1.0,1.0,4760_run1_1AJ1_1_rename_0136
-1.0,1.0,5036_run1_1AJ1_1_rename_0053
-1.0,1.0,4471_run1_1AJ1_1_rename_0199
-1.0,1.0,4844_run1_1AJ1_1_rename_0188
-1.0,1.0,5035_run1_1AJ1_1_rename_0060
-1.0,1.0,4480_run1_1AJ1_1_rename_0165
-1.0,1.0,5317_run1_1AJ1_1_rename_0002
-1.0,1.0,5205_run1_1AJ1_1_rename_0058
-1.0,1.0,4809_run1_1AJ1_1_rename_0139
-1.0,1.0,4761_run1_1AJ1_1_rename_0132
-1.0,1.0,4508_run1_1AJ1_1_rename_0196
-1.0,1.0,5257_run1_1AJ1_1_rename_0028
-1.0,1.0,4979_run1_1AJ1_1_rename_0095
-1.0,1.0,5220_run1_1AJ1_1_rename_0156
-1.0,1.0,5257_run1_1AJ1_1_rename_0039
-1.0,1.0,4810_run1_1AJ1_1_rename_0183
-1.0,1.0,5031_run1_1AJ1_1_rename_0085
-1.0,1.0,4480_run1_1AJ1_1_rename_0185
-1.0,1.0,5352_run1_1AJ1_1_rename_0012
-1.0,1.0,4984_run1_1AJ1_1_rename_0172
-1.0,1.0,5325_run1_1AJ1_1_rename_0034
-1.0,1.0,5430_run1_1AJ1_1_rename_0028
-1.0,1.0,5375_run1_1AJ1_1_rename_0017
-1.0,1.0,4982_run1_1AJ1_1_rename_0167
-1.0,1.0,5519_run1_1AJ1_1_rename_0001
-1.0,1.0,5380_run1_1AJ1_1_rename_0066
-1.0,1.0,5016_run1_1AJ1_1_rename_0104
-1.0,1.0,5507_run1_1AJ1_1_rename_0014
-1.0,1.0,5428_run1_1AJ1_1_rename_0076
-1.0,1.0,5505_run1_1AJ1_1_rename_0013
-1.0,1.0,5538_run1_1AJ1_1_rename_0003
-1.0,1.0,5517_run1_1AJ1_1_rename_0007
-1.0,1.0,5428_run1_1AJ1_1_rename_0079
-1.0,1.0,5555_run1_1AJ1_1_rename_0004
-1.0,1.0,5285_run1_1AJ1_1_rename_0093
-1.0,1.0,5535_run1_1AJ1_1_rename_0017
-1.0,1.0,5329_run1_1AJ1_1_rename_0120
-1.0,1.0,5306_run1_1AJ1_1_rename_0085
-1.0,1.0,5537_run1_1AJ1_1_rename_0006
-1.0,1.0,5412_run1_1AJ1_1_rename_0101
-1.0,1.0,5364_run1_1AJ1_1_rename_0032
-1.0,1.0,5339_run1_1AJ1_1_rename_0061
-1.0,1.0,5509_run1_1AJ1_1_rename_0018
-1.0,1.0,5504_run1_1AJ1_1_rename_0038
-1.0,1.0,5543_run1_1AJ1_1_rename_0015
-1.0,1.0,5569_run1_1AJ1_1_rename_0006
-1.0,1.0,5553_run1_1AJ1_1_rename_0009
-1.0,1.0,5280_run1_1AJ1_1_rename_0087
-1.0,1.0,5261_run1_1AJ1_1_rename_0086
-1.0,1.0,5519_run1_1AJ1_1_rename_0014
-1.0,1.0,5505_run1_1AJ1_1_rename_0031
-1.0,1.0,5559_run1_1AJ1_1_rename_0015
-1.0,1.0,5565_run1_1AJ1_1_rename_0007
-1.0,1.0,5573_run1_1AJ1_1_rename_0021
-1.0,1.0,5016_run1_1AJ1_1_rename_0132
-1.0,1.0,5508_run1_1AJ1_1_rename_0055
-1.0,1.0,5563_run1_1AJ1_1_rename_0018
-1.0,1.0,5493_run1_1AJ1_1_rename_0036
-1.0,1.0,5525_run1_1AJ1_1_rename_0062
-1.0,1.0,5378_run1_1AJ1_1_rename_0179
-1.0,1.0,5585_run1_1AJ1_1_rename_0024
-1.0,1.0,5619_run1_1AJ1_1_rename_0003
-1.0,1.0,5475_run1_1AJ1_1_rename_0066
-1.0,1.0,5555_run1_1AJ1_1_rename_0027
-1.0,1.0,5514_run1_1AJ1_1_rename_0058
-1.0,1.0,5561_run1_1AJ1_1_rename_0035
-1.0,1.0,5507_run1_1AJ1_1_rename_0046
-1.0,1.0,4811_run1_1AJ1_1_rename_0161
-1.0,1.0,5350_run1_1AJ1_1_rename_0059
-1.0,1.0,4722_run1_1AJ1_1_rename_0181
-1.0,1.0,5273_run1_1AJ1_1_rename_0136
-1.0,1.0,5485_run1_1AJ1_1_rename_0076
-1.0,1.0,5617_run1_1AJ1_1_rename_0010
-1.0,1.0,5523_run1_1AJ1_1_rename_0049
-1.0,1.0,5553_run1_1AJ1_1_rename_0021
-1.0,1.0,5612_run1_1AJ1_1_rename_0061
-1.0,1.0,5549_run1_1AJ1_1_rename_0031
-1.0,1.0,5561_run1_1AJ1_1_rename_0052
-1.0,1.0,5579_run1_1AJ1_1_rename_0066
-1.0,1.0,5649_run1_1AJ1_1_rename_0033
-1.0,1.0,5477_run1_1AJ1_1_rename_0119
-1.0,1.0,5555_run1_1AJ1_1_rename_0038
-1.0,1.0,5276_run1_1AJ1_1_rename_0089
-1.0,1.0,5549_run1_1AJ1_1_rename_0036
-1.0,1.0,5563_run1_1AJ1_1_rename_0045
-1.0,1.0,5522_run1_1AJ1_1_rename_0100
-1.0,1.0,5535_run1_1AJ1_1_rename_0055
-1.0,1.0,5519_run1_1AJ1_1_rename_0034
-1.0,1.0,5505_run1_1AJ1_1_rename_0073
-1.0,1.0,5586_run1_1AJ1_1_rename_0041
-1.0,1.0,5430_run1_1AJ1_1_rename_0147
-1.0,1.0,5324_run1_1AJ1_1_rename_0098
-1.0,1.0,5490_run1_1AJ1_1_rename_0101
-1.0,1.0,5375_run1_1AJ1_1_rename_0065
-1.0,1.0,5545_run1_1AJ1_1_rename_0063
-1.0,1.0,5597_run1_1AJ1_1_rename_0085
-1.0,1.0,5340_run1_1AJ1_1_rename_0107
-1.0,1.0,4811_run1_1AJ1_1_rename_0183
-1.0,1.0,5554_run1_1AJ1_1_rename_0048
-1.0,1.0,5558_run1_1AJ1_1_rename_0052
-1.0,1.0,5538_run1_1AJ1_1_rename_0059
-1.0,1.0,5668_run1_1AJ1_1_rename_0036
-1.0,1.0,5549_run1_1AJ1_1_rename_0044
-1.0,1.0,5489_run1_1AJ1_1_rename_0086
-1.0,1.0,5296_run1_1AJ1_1_rename_0095
-1.0,1.0,5569_run1_1AJ1_1_rename_0050
-1.0,1.0,5604_run1_1AJ1_1_rename_0058
-1.0,1.0,5648_run1_1AJ1_1_rename_0137
-1.0,1.0,5597_run1_1AJ1_1_rename_0096
-1.0,1.0,5505_run1_1AJ1_1_rename_0105
-1.0,1.0,5529_run1_1AJ1_1_rename_0104
-1.0,1.0,5634_run1_1AJ1_1_rename_0115
-1.0,1.0,5522_run1_1AJ1_1_rename_0134
-1.0,1.0,5542_run1_1AJ1_1_rename_0047
-1.0,1.0,5283_run1_1AJ1_1_rename_0167
-1.0,1.0,5549_run1_1AJ1_1_rename_0047
-1.0,1.0,5567_run1_1AJ1_1_rename_0047
-1.0,1.0,5661_run1_1AJ1_1_rename_0170
-1.0,1.0,5654_run1_1AJ1_1_rename_0127
-1.0,1.0,5633_run1_1AJ1_1_rename_0188
-1.0,1.0,5591_run1_1AJ1_1_rename_0143
-1.0,1.0,5538_run1_1AJ1_1_rename_0073
-1.0,1.0,5482_run1_1AJ1_1_rename_0143
-1.0,1.0,5500_run1_1AJ1_1_rename_0144
-1.0,1.0,4726_run1_1AJ1_1_rename_0156
-1.0,1.0,5509_run1_1AJ1_1_rename_0064
-1.0,1.0,5603_run1_1AJ1_1_rename_0075
-1.0,1.0,5551_run1_1AJ1_1_rename_0068
-1.0,1.0,5630_run1_1AJ1_1_rename_0126
-1.0,1.0,5680_run1_1AJ1_1_rename_0129
-1.0,1.0,5601_run1_1AJ1_1_rename_0080
-1.0,1.0,5547_run1_1AJ1_1_rename_0091
-1.0,1.0,5553_run1_1AJ1_1_rename_0039
-1.0,1.0,5606_run1_1AJ1_1_rename_0077
-1.0,1.0,5609_run1_1AJ1_1_rename_0088
-1.0,1.0,5344_run1_1AJ1_1_rename_0109
-1.0,1.0,5550_run1_1AJ1_1_rename_0096
-1.0,1.0,5733_run1_1AJ1_1_rename_0002
-1.0,1.0,4787_run1_1AJ1_1_rename_0178
-1.0,1.0,5549_run1_1AJ1_1_rename_0054
-1.0,1.0,5717_run1_1AJ1_1_rename_0019
-1.0,1.0,5521_run1_1AJ1_1_rename_0100
-1.0,1.0,5505_run1_1AJ1_1_rename_0134
-1.0,1.0,5601_run1_1AJ1_1_rename_0089
-1.0,1.0,5553_run1_1AJ1_1_rename_0041
-1.0,1.0,5537_run1_1AJ1_1_rename_0054
-1.0,1.0,5595_run1_1AJ1_1_rename_0179
-1.0,1.0,5457_run1_1AJ1_1_rename_0137
-1.0,1.0,5619_run1_1AJ1_1_rename_0055
-1.0,1.0,5510_run1_1AJ1_1_rename_0078
-1.0,1.0,5556_run1_1AJ1_1_rename_0102
-1.0,1.0,5621_run1_1AJ1_1_rename_0085
-1.0,1.0,5493_run1_1AJ1_1_rename_0095
-1.0,1.0,5549_run1_1AJ1_1_rename_0070
-1.0,1.0,5608_run1_1AJ1_1_rename_0134
-1.0,1.0,5509_run1_1AJ1_1_rename_0079
-1.0,1.0,5747_run1_1AJ1_1_rename_0024
-1.0,1.0,5553_run1_1AJ1_1_rename_0049
-1.0,1.0,5280_run1_1AJ1_1_rename_0177
-1.0,1.0,5572_run1_1AJ1_1_rename_0177
-1.0,1.0,5295_run1_1AJ1_1_rename_0118
-1.0,1.0,5761_run1_1AJ1_1_rename_0034
-1.0,1.0,5549_run1_1AJ1_1_rename_0074
-1.0,1.0,5733_run1_1AJ1_1_rename_0042
-1.0,1.0,5324_run1_1AJ1_1_rename_0148
-1.0,1.0,5782_run1_1AJ1_1_rename_0043
-1.0,1.0,5764_run1_1AJ1_1_rename_0029
-1.0,1.0,5537_run1_1AJ1_1_rename_0074
-1.0,1.0,5715_run1_1AJ1_1_rename_0074
-1.0,1.0,5507_run1_1AJ1_1_rename_0096
-1.0,1.0,5768_run1_1AJ1_1_rename_0065
-1.0,1.0,5761_run1_1AJ1_1_rename_0038
-1.0,1.0,5713_run1_1AJ1_1_rename_0121
-1.0,1.0,5606_run1_1AJ1_1_rename_0131
-1.0,1.0,5510_run1_1AJ1_1_rename_0089
-1.0,1.0,5475_run1_1AJ1_1_rename_0135
-1.0,1.0,5814_run1_1AJ1_1_rename_0023
-1.0,1.0,5505_run1_1AJ1_1_rename_0160
-1.0,1.0,5529_run1_1AJ1_1_rename_0147
-1.0,1.0,5571_run1_1AJ1_1_rename_0139
-1.0,1.0,5811_run1_1AJ1_1_rename_0036
-1.0,1.0,5767_run1_1AJ1_1_rename_0072
-1.0,1.0,5519_run1_1AJ1_1_rename_0089
-1.0,1.0,5268_run1_1AJ1_1_rename_0146
-1.0,1.0,5348_run1_1AJ1_1_rename_0183
-1.0,1.0,5727_run1_1AJ1_1_rename_0055
-1.0,1.0,5441_run1_1AJ1_1_rename_0133
-1.0,1.0,5750_run1_1AJ1_1_rename_0108
-1.0,1.0,5774_run1_1AJ1_1_rename_0067
-1.0,1.0,5714_run1_1AJ1_1_rename_0060
-1.0,1.0,5503_run1_1AJ1_1_rename_0129
-1.0,1.0,5838_run1_1AJ1_1_rename_0039
-1.0,1.0,5523_run1_1AJ1_1_rename_0134
-1.0,1.0,5303_run1_1AJ1_1_rename_0168
-1.0,1.0,5509_run1_1AJ1_1_rename_0099
-1.0,1.0,5565_run1_1AJ1_1_rename_0075
-1.0,1.0,5540_run1_1AJ1_1_rename_0150
-1.0,1.0,5825_run1_1AJ1_1_rename_0083
-1.0,1.0,5856_run1_1AJ1_1_rename_0050
-1.0,1.0,5348_run1_1AJ1_1_rename_0197
-1.0,1.0,5521_run1_1AJ1_1_rename_0152
-1.0,1.0,5316_run1_1AJ1_1_rename_0124
-1.0,1.0,5891_run1_1AJ1_1_rename_0009
-1.0,1.0,5551_run1_1AJ1_1_rename_0108
-1.0,1.0,5504_run1_1AJ1_1_rename_0197
-1.0,1.0,5505_run1_1AJ1_1_rename_0194
-1.0,1.0,5777_run1_1AJ1_1_rename_0126
-1.0,1.0,5778_run1_1AJ1_1_rename_0149
-1.0,1.0,5374_run1_1AJ1_1_rename_0160
-1.0,1.0,5919_run1_1AJ1_1_rename_0007
-1.0,1.0,5553_run1_1AJ1_1_rename_0077
-1.0,1.0,5865_run1_1AJ1_1_rename_0093
-1.0,1.0,5820_run1_1AJ1_1_rename_0199
-1.0,1.0,5507_run1_1AJ1_1_rename_0123
-1.0,1.0,5617_run1_1AJ1_1_rename_0136
-1.0,1.0,5535_run1_1AJ1_1_rename_0155
-1.0,1.0,5729_run1_1AJ1_1_rename_0122
-1.0,1.0,5320_run1_1AJ1_1_rename_0178
-1.0,1.0,5555_run1_1AJ1_1_rename_0108
-1.0,1.0,5551_run1_1AJ1_1_rename_0120
-1.0,1.0,5949_run1_1AJ1_1_rename_0011
-1.0,1.0,5823_run1_1AJ1_1_rename_0113
-1.0,1.0,5577_run1_1AJ1_1_rename_0197
-1.0,1.0,5473_run1_1AJ1_1_rename_0135
-1.0,1.0,5957_run1_1AJ1_1_rename_0006
-1.0,1.0,5917_run1_1AJ1_1_rename_0038
-1.0,1.0,5703_run1_1AJ1_1_rename_0144
-1.0,1.0,5988_run1_1AJ1_1_rename_0001
-1.0,1.0,5985_run1_1AJ1_1_rename_0006
-1.0,1.0,5992_run1_1AJ1_1_rename_0005
-1.0,1.0,5544_run1_1AJ1_1_rename_0155
-1.0,1.0,5955_run1_1AJ1_1_rename_0022
-1.0,1.0,5519_run1_1AJ1_1_rename_0121
-1.0,1.0,5546_run1_1AJ1_1_rename_0170
-1.0,1.0,5539_run1_1AJ1_1_rename_0158
-1.0,1.0,5509_run1_1AJ1_1_rename_0128
-1.0,1.0,5997_run1_1AJ1_1_rename_0006
-1.0,1.0,5474_run1_1AJ1_1_rename_0187
-1.0,1.0,5565_run1_1AJ1_1_rename_0109
-1.0,1.0,6003_run1_1AJ1_1_rename_0004
-1.0,1.0,5845_run1_1AJ1_1_rename_0134
-1.0,1.0,5956_run1_1AJ1_1_rename_0022
-1.0,1.0,5943_run1_1AJ1_1_rename_0048
-1.0,1.0,5545_run1_1AJ1_1_rename_0157
-1.0,1.0,5745_run1_1AJ1_1_rename_0195
-1.0,1.0,5517_run1_1AJ1_1_rename_0123
-1.0,1.0,5604_run1_1AJ1_1_rename_0184
-1.0,1.0,5587_run1_1AJ1_1_rename_0192
-1.0,1.0,6029_run1_1AJ1_1_rename_0025
-1.0,1.0,5619_run1_1AJ1_1_rename_0167
-1.0,1.0,5267_run1_1AJ1_1_rename_0198
-1.0,1.0,5970_run1_1AJ1_1_rename_0020
-1.0,1.0,5921_run1_1AJ1_1_rename_0039
-1.0,1.0,5941_run1_1AJ1_1_rename_0031
-1.0,1.0,5569_run1_1AJ1_1_rename_0153
-1.0,1.0,5741_run1_1AJ1_1_rename_0069
-1.0,1.0,5571_run1_1AJ1_1_rename_0194
-1.0,1.0,5511_run1_1AJ1_1_rename_0138
-1.0,1.0,5945_run1_1AJ1_1_rename_0044
-1.0,1.0,5903_run1_1AJ1_1_rename_0095
-1.0,1.0,5729_run1_1AJ1_1_rename_0153
-1.0,1.0,6053_run1_1AJ1_1_rename_0022
-1.0,1.0,5825_run1_1AJ1_1_rename_0192
-1.0,1.0,6002_run1_1AJ1_1_rename_0021
-1.0,1.0,5885_run1_1AJ1_1_rename_0106
-1.0,1.0,5571_run1_1AJ1_1_rename_0197
-1.0,1.0,5351_run1_1AJ1_1_rename_0148
-1.0,1.0,5917_run1_1AJ1_1_rename_0076
-1.0,1.0,6001_run1_1AJ1_1_rename_0035
-1.0,1.0,5906_run1_1AJ1_1_rename_0074
-1.0,1.0,5537_run1_1AJ1_1_rename_0135
-1.0,1.0,5986_run1_1AJ1_1_rename_0036
-1.0,1.0,6065_run1_1AJ1_1_rename_0009
-1.0,1.0,5987_run1_1AJ1_1_rename_0055
-1.0,1.0,5970_run1_1AJ1_1_rename_0036
-1.0,1.0,5974_run1_1AJ1_1_rename_0044
-1.0,1.0,6113_run1_1AJ1_1_rename_0024
-1.0,1.0,5563_run1_1AJ1_1_rename_0198
-1.0,1.0,6068_run1_1AJ1_1_rename_0035
-1.0,1.0,6137_run1_1AJ1_1_rename_0028
-1.0,1.0,5877_run1_1AJ1_1_rename_0168
-1.0,1.0,5987_run1_1AJ1_1_rename_0067
-1.0,1.0,5541_run1_1AJ1_1_rename_0148
-1.0,1.0,6068_run1_1AJ1_1_rename_0041
-1.0,1.0,5991_run1_1AJ1_1_rename_0069
-1.0,1.0,5554_run1_1AJ1_1_rename_0148
-1.0,1.0,6001_run1_1AJ1_1_rename_0043
-1.0,1.0,5946_run1_1AJ1_1_rename_0083
-1.0,1.0,6089_run1_1AJ1_1_rename_0038
-1.0,1.0,6069_run1_1AJ1_1_rename_0039
-1.0,1.0,5757_run1_1AJ1_1_rename_0122
-1.0,1.0,5873_run1_1AJ1_1_rename_0185
-1.0,1.0,6049_run1_1AJ1_1_rename_0106
-1.0,1.0,5729_run1_1AJ1_1_rename_0182
-1.0,1.0,6071_run1_1AJ1_1_rename_0070
-1.0,1.0,6101_run1_1AJ1_1_rename_0049
-1.0,1.0,6184_run1_1AJ1_1_rename_0007
-1.0,1.0,5942_run1_1AJ1_1_rename_0089
-1.0,1.0,6145_run1_1AJ1_1_rename_0035
-1.0,1.0,6025_run1_1AJ1_1_rename_0110
-1.0,1.0,6173_run1_1AJ1_1_rename_0039
-1.0,1.0,6029_run1_1AJ1_1_rename_0113
-1.0,1.0,6085_run1_1AJ1_1_rename_0053
-1.0,1.0,5895_run1_1AJ1_1_rename_0140
-1.0,1.0,6001_run1_1AJ1_1_rename_0058
-1.0,1.0,5570_run1_1AJ1_1_rename_0195
-1.0,1.0,6174_run1_1AJ1_1_rename_0044
-1.0,1.0,6162_run1_1AJ1_1_rename_0055
-1.0,1.0,6207_run1_1AJ1_1_rename_0010
-1.0,1.0,6196_run1_1AJ1_1_rename_0021
-1.0,1.0,6091_run1_1AJ1_1_rename_0116
-1.0,1.0,6012_run1_1AJ1_1_rename_0057
-1.0,1.0,6162_run1_1AJ1_1_rename_0060
-1.0,1.0,6116_run1_1AJ1_1_rename_0084
-1.0,1.0,5565_run1_1AJ1_1_rename_0162
-1.0,1.0,6149_run1_1AJ1_1_rename_0068
-1.0,1.0,5891_run1_1AJ1_1_rename_0178
-1.0,1.0,5972_run1_1AJ1_1_rename_0067
-1.0,1.0,5541_run1_1AJ1_1_rename_0165
-1.0,1.0,6089_run1_1AJ1_1_rename_0078
-1.0,1.0,5553_run1_1AJ1_1_rename_0141
-1.0,1.0,6177_run1_1AJ1_1_rename_0037
-1.0,1.0,5517_run1_1AJ1_1_rename_0188
-1.0,1.0,6089_run1_1AJ1_1_rename_0084
-1.0,1.0,6111_run1_1AJ1_1_rename_0123
-1.0,1.0,6181_run1_1AJ1_1_rename_0038
-1.0,1.0,5940_run1_1AJ1_1_rename_0117
-1.0,1.0,6020_run1_1AJ1_1_rename_0166
-1.0,1.0,5757_run1_1AJ1_1_rename_0151
-1.0,1.0,5551_run1_1AJ1_1_rename_0178
-1.0,1.0,6253_run1_1AJ1_1_rename_0025
-1.0,1.0,5537_run1_1AJ1_1_rename_0171
-1.0,1.0,6129_run1_1AJ1_1_rename_0084
-1.0,1.0,6065_run1_1AJ1_1_rename_0083
-1.0,1.0,5939_run1_1AJ1_1_rename_0138
-1.0,1.0,6266_run1_1AJ1_1_rename_0017
-1.0,1.0,6139_run1_1AJ1_1_rename_0132
-1.0,1.0,5997_run1_1AJ1_1_rename_0143
-1.0,1.0,6096_run1_1AJ1_1_rename_0148
-1.0,1.0,6000_run1_1AJ1_1_rename_0136
-1.0,1.0,5998_run1_1AJ1_1_rename_0168
-1.0,1.0,5992_run1_1AJ1_1_rename_0128
-1.0,1.0,5954_run1_1AJ1_1_rename_0127
-1.0,1.0,5981_run1_1AJ1_1_rename_0138
-1.0,1.0,5554_run1_1AJ1_1_rename_0180
-1.0,1.0,6117_run1_1AJ1_1_rename_0095
-1.0,1.0,6121_run1_1AJ1_1_rename_0163
-1.0,1.0,5976_run1_1AJ1_1_rename_0092
-1.0,1.0,5565_run1_1AJ1_1_rename_0190
-1.0,1.0,6004_run1_1AJ1_1_rename_0077
-1.0,1.0,6193_run1_1AJ1_1_rename_0055
-1.0,1.0,6102_run1_1AJ1_1_rename_0153
-1.0,1.0,6233_run1_1AJ1_1_rename_0136
-1.0,1.0,6001_run1_1AJ1_1_rename_0095
-1.0,1.0,6008_run1_1AJ1_1_rename_0069
-1.0,1.0,6329_run1_1AJ1_1_rename_0017
-1.0,1.0,5972_run1_1AJ1_1_rename_0103
-1.0,1.0,6181_run1_1AJ1_1_rename_0094
-1.0,1.0,6183_run1_1AJ1_1_rename_0141
-1.0,1.0,6033_run1_1AJ1_1_rename_0177
-1.0,1.0,6354_run1_1AJ1_1_rename_0009
-1.0,1.0,6008_run1_1AJ1_1_rename_0071
-1.0,1.0,5537_run1_1AJ1_1_rename_0191
-1.0,1.0,6065_run1_1AJ1_1_rename_0122
-1.0,1.0,6181_run1_1AJ1_1_rename_0102
-1.0,1.0,5985_run1_1AJ1_1_rename_0130
-1.0,1.0,5940_run1_1AJ1_1_rename_0160
-1.0,1.0,6316_run1_1AJ1_1_rename_0094
-1.0,1.0,6336_run1_1AJ1_1_rename_0068
-1.0,1.0,6066_run1_1AJ1_1_rename_0189
-1.0,1.0,6141_run1_1AJ1_1_rename_0093
-1.0,1.0,5991_run1_1AJ1_1_rename_0194
-1.0,1.0,6167_run1_1AJ1_1_rename_0147
-1.0,1.0,6446_run1_1AJ1_1_rename_0059
-1.0,1.0,5962_run1_1AJ1_1_rename_0173
-1.0,1.0,6424_run1_1AJ1_1_rename_0101
-1.0,1.0,5957_run1_1AJ1_1_rename_0181
-1.0,1.0,6341_run1_1AJ1_1_rename_0059
-1.0,1.0,6179_run1_1AJ1_1_rename_0163
-1.0,1.0,6329_run1_1AJ1_1_rename_0117
-1.0,1.0,6008_run1_1AJ1_1_rename_0095
-1.0,1.0,6406_run1_1AJ1_1_rename_0102
-1.0,1.0,6505_run1_1AJ1_1_rename_0037
-1.0,1.0,6556_run1_1AJ1_1_rename_0019
-1.0,1.0,6573_run1_1AJ1_1_rename_0018
-1.0,1.0,5973_run1_1AJ1_1_rename_0148
-1.0,1.0,6193_run1_1AJ1_1_rename_0101
-1.0,1.0,6133_run1_1AJ1_1_rename_0174
-1.0,1.0,6377_run1_1AJ1_1_rename_0110
-1.0,1.0,6004_run1_1AJ1_1_rename_0129
-1.0,1.0,6481_run1_1AJ1_1_rename_0100
-1.0,1.0,6144_run1_1AJ1_1_rename_0177
-1.0,1.0,6195_run1_1AJ1_1_rename_0176
-1.0,1.0,6201_run1_1AJ1_1_rename_0199
-1.0,1.0,6350_run1_1AJ1_1_rename_0128
-1.0,1.0,6656_run1_1AJ1_1_rename_0017
-1.0,1.0,6374_run1_1AJ1_1_rename_0122
-1.0,1.0,6510_run1_1AJ1_1_rename_0071
-1.0,1.0,6069_run1_1AJ1_1_rename_0171
-1.0,1.0,6002_run1_1AJ1_1_rename_0154
-1.0,1.0,6557_run1_1AJ1_1_rename_0087
-1.0,1.0,6350_run1_1AJ1_1_rename_0133
-1.0,1.0,6693_run1_1AJ1_1_rename_0007
-1.0,1.0,6565_run1_1AJ1_1_rename_0076
-1.0,1.0,6650_run1_1AJ1_1_rename_0050
-1.0,1.0,6645_run1_1AJ1_1_rename_0035
-1.0,1.0,6479_run1_1AJ1_1_rename_0126
-1.0,1.0,6005_run1_1AJ1_1_rename_0132
-1.0,1.0,6578_run1_1AJ1_1_rename_0035
-1.0,1.0,6002_run1_1AJ1_1_rename_0166
-1.0,1.0,6731_run1_1AJ1_1_rename_0012
-1.0,1.0,6141_run1_1AJ1_1_rename_0187
-1.0,1.0,5972_run1_1AJ1_1_rename_0177
-1.0,1.0,6136_run1_1AJ1_1_rename_0128
-1.0,1.0,6748_run1_1AJ1_1_rename_0011
-1.0,1.0,6773_run1_1AJ1_1_rename_0003
-1.0,1.0,6013_run1_1AJ1_1_rename_0169
-1.0,1.0,5973_run1_1AJ1_1_rename_0198
-1.0,1.0,6557_run1_1AJ1_1_rename_0143
-1.0,1.0,6604_run1_1AJ1_1_rename_0125
-1.0,1.0,6716_run1_1AJ1_1_rename_0034
-1.0,1.0,6776_run1_1AJ1_1_rename_0014
-1.0,1.0,6764_run1_1AJ1_1_rename_0025
-1.0,1.0,6731_run1_1AJ1_1_rename_0027
-1.0,1.0,6657_run1_1AJ1_1_rename_0150
-1.0,1.0,6652_run1_1AJ1_1_rename_0085
-1.0,1.0,6820_run1_1AJ1_1_rename_0009
-1.0,1.0,6726_run1_1AJ1_1_rename_0038
-1.0,1.0,6703_run1_1AJ1_1_rename_0090
-1.0,1.0,6581_run1_1AJ1_1_rename_0111
-1.0,1.0,6513_run1_1AJ1_1_rename_0151
-1.0,1.0,6642_run1_1AJ1_1_rename_0116
-1.0,1.0,6889_run1_1AJ1_1_rename_0009
-1.0,1.0,6869_run1_1AJ1_1_rename_0029
-1.0,1.0,6001_run1_1AJ1_1_rename_0193
-1.0,1.0,6370_run1_1AJ1_1_rename_0176
-1.0,1.0,6740_run1_1AJ1_1_rename_0082
-1.0,1.0,6013_run1_1AJ1_1_rename_0198
-1.0,1.0,6569_run1_1AJ1_1_rename_0171
-1.0,1.0,6735_run1_1AJ1_1_rename_0080
-1.0,1.0,6589_run1_1AJ1_1_rename_0098
-1.0,1.0,6902_run1_1AJ1_1_rename_0033
-1.0,1.0,6345_run1_1AJ1_1_rename_0168
-1.0,1.0,6707_run1_1AJ1_1_rename_0142
-1.0,1.0,6650_run1_1AJ1_1_rename_0151
-1.0,1.0,6861_run1_1AJ1_1_rename_0065
-1.0,1.0,6908_run1_1AJ1_1_rename_0059
-1.0,1.0,6781_run1_1AJ1_1_rename_0102
-1.0,1.0,6568_run1_1AJ1_1_rename_0169
-1.0,1.0,6931_run1_1AJ1_1_rename_0021
-1.0,1.0,6759_run1_1AJ1_1_rename_0157
-1.0,1.0,6722_run1_1AJ1_1_rename_0094
-1.0,1.0,6996_run1_1AJ1_1_rename_0018
-1.0,1.0,6867_run1_1AJ1_1_rename_0069
-1.0,1.0,6865_run1_1AJ1_1_rename_0101
-1.0,1.0,6729_run1_1AJ1_1_rename_0108
-1.0,1.0,6136_run1_1AJ1_1_rename_0174
-1.0,1.0,7033_run1_1AJ1_1_rename_0001
-1.0,1.0,6589_run1_1AJ1_1_rename_0135
-1.0,1.0,6913_run1_1AJ1_1_rename_0083
-1.0,1.0,6868_run1_1AJ1_1_rename_0079
-1.0,1.0,6871_run1_1AJ1_1_rename_0105
-1.0,1.0,6840_run1_1AJ1_1_rename_0090
-1.0,1.0,6814_run1_1AJ1_1_rename_0098
-1.0,1.0,6948_run1_1AJ1_1_rename_0104
-1.0,1.0,6008_run1_1AJ1_1_rename_0179
-1.0,1.0,7019_run1_1AJ1_1_rename_0039
-1.0,1.0,6992_run1_1AJ1_1_rename_0033
-1.0,1.0,7025_run1_1AJ1_1_rename_0041
-1.0,1.0,6916_run1_1AJ1_1_rename_0056
-1.0,1.0,6808_run1_1AJ1_1_rename_0188
-1.0,1.0,6942_run1_1AJ1_1_rename_0090
-1.0,1.0,6947_run1_1AJ1_1_rename_0107
-1.0,1.0,6799_run1_1AJ1_1_rename_0101
-1.0,1.0,7014_run1_1AJ1_1_rename_0057
-1.0,1.0,6819_run1_1AJ1_1_rename_0111
-1.0,1.0,6008_run1_1AJ1_1_rename_0192
-1.0,1.0,6883_run1_1AJ1_1_rename_0145
-1.0,1.0,6727_run1_1AJ1_1_rename_0120
-1.0,1.0,7052_run1_1AJ1_1_rename_0073
-1.0,1.0,7075_run1_1AJ1_1_rename_0014
-1.0,1.0,6897_run1_1AJ1_1_rename_0129
-1.0,1.0,6755_run1_1AJ1_1_rename_0165
-1.0,1.0,7044_run1_1AJ1_1_rename_0073
-1.0,1.0,6795_run1_1AJ1_1_rename_0153
-1.0,1.0,6899_run1_1AJ1_1_rename_0105
-1.0,1.0,6856_run1_1AJ1_1_rename_0105
-1.0,1.0,7048_run1_1AJ1_1_rename_0090
-1.0,1.0,6728_run1_1AJ1_1_rename_0137
-1.0,1.0,7005_run1_1AJ1_1_rename_0089
-1.0,1.0,6724_run1_1AJ1_1_rename_0117
-1.0,1.0,7139_run1_1AJ1_1_rename_0005
-1.0,1.0,7045_run1_1AJ1_1_rename_0111
-1.0,1.0,6797_run1_1AJ1_1_rename_0176
-1.0,1.0,6980_run1_1AJ1_1_rename_0093
-1.0,1.0,6927_run1_1AJ1_1_rename_0108
-1.0,1.0,7095_run1_1AJ1_1_rename_0056
-1.0,1.0,7180_run1_1AJ1_1_rename_0015
-1.0,1.0,6721_run1_1AJ1_1_rename_0181
-1.0,1.0,6724_run1_1AJ1_1_rename_0137
-1.0,1.0,6992_run1_1AJ1_1_rename_0076
-1.0,1.0,7111_run1_1AJ1_1_rename_0069
-1.0,1.0,6888_run1_1AJ1_1_rename_0147
-1.0,1.0,6867_run1_1AJ1_1_rename_0162
-1.0,1.0,6788_run1_1AJ1_1_rename_0117
-1.0,1.0,6916_run1_1AJ1_1_rename_0106
-1.0,1.0,7105_run1_1AJ1_1_rename_0040
-1.0,1.0,7020_run1_1AJ1_1_rename_0129
-1.0,1.0,7220_run1_1AJ1_1_rename_0024
-1.0,1.0,7188_run1_1AJ1_1_rename_0030
-1.0,1.0,6731_run1_1AJ1_1_rename_0187
-1.0,1.0,6984_run1_1AJ1_1_rename_0116
-1.0,1.0,7031_run1_1AJ1_1_rename_0176
-1.0,1.0,7217_run1_1AJ1_1_rename_0042
-1.0,1.0,7285_run1_1AJ1_1_rename_0001
-1.0,1.0,7280_run1_1AJ1_1_rename_0008
-1.0,1.0,7296_run1_1AJ1_1_rename_0004
-1.0,1.0,7115_run1_1AJ1_1_rename_0098
-1.0,1.0,6991_run1_1AJ1_1_rename_0103
-1.0,1.0,7144_run1_1AJ1_1_rename_0110
-1.0,1.0,7216_run1_1AJ1_1_rename_0070
-1.0,1.0,6935_run1_1AJ1_1_rename_0192
-1.0,1.0,7192_run1_1AJ1_1_rename_0061
-1.0,1.0,6724_run1_1AJ1_1_rename_0164
-1.0,1.0,7119_run1_1AJ1_1_rename_0130
-1.0,1.0,7275_run1_1AJ1_1_rename_0016
-1.0,1.0,6995_run1_1AJ1_1_rename_0180
-1.0,1.0,7343_run1_1AJ1_1_rename_0001
-1.0,1.0,7183_run1_1AJ1_1_rename_0085
-1.0,1.0,6727_run1_1AJ1_1_rename_0199
-1.0,1.0,6888_run1_1AJ1_1_rename_0181
-1.0,1.0,6852_run1_1AJ1_1_rename_0177
-1.0,1.0,7084_run1_1AJ1_1_rename_0200
-1.0,1.0,7340_run1_1AJ1_1_rename_0023
-1.0,1.0,6724_run1_1AJ1_1_rename_0182
-1.0,1.0,7276_run1_1AJ1_1_rename_0039
-1.0,1.0,6978_run1_1AJ1_1_rename_0149
-1.0,1.0,6920_run1_1AJ1_1_rename_0179
-1.0,1.0,7253_run1_1AJ1_1_rename_0041
-1.0,1.0,7229_run1_1AJ1_1_rename_0122
-1.0,1.0,6992_run1_1AJ1_1_rename_0138
-1.0,1.0,6988_run1_1AJ1_1_rename_0151
-1.0,1.0,7354_run1_1AJ1_1_rename_0032
-1.0,1.0,7299_run1_1AJ1_1_rename_0046
-1.0,1.0,7355_run1_1AJ1_1_rename_0029
-1.0,1.0,6920_run1_1AJ1_1_rename_0188
-1.0,1.0,7328_run1_1AJ1_1_rename_0021
-1.0,1.0,7245_run1_1AJ1_1_rename_0044
-1.0,1.0,7264_run1_1AJ1_1_rename_0041
-1.0,1.0,6996_run1_1AJ1_1_rename_0190
-1.0,1.0,7341_run1_1AJ1_1_rename_0041
-1.0,1.0,7401_run1_1AJ1_1_rename_0183
-1.0,1.0,7436_run1_1AJ1_1_rename_0082
-1.0,1.0,7301_run1_1AJ1_1_rename_0093
-1.0,1.0,7008_run1_1AJ1_1_rename_0188
-1.0,1.0,7488_run1_1AJ1_1_rename_0020
-1.0,1.0,7448_run1_1AJ1_1_rename_0127
-1.0,1.0,7373_run1_1AJ1_1_rename_0097
-1.0,1.0,7120_run1_1AJ1_1_rename_0178
-1.0,1.0,7303_run1_1AJ1_1_rename_0100
-1.0,1.0,7235_run1_1AJ1_1_rename_0121
-1.0,1.0,7281_run1_1AJ1_1_rename_0045
-1.0,1.0,7533_run1_1AJ1_1_rename_0014
-1.0,1.0,7320_run1_1AJ1_1_rename_0081
-1.0,1.0,7356_run1_1AJ1_1_rename_0043
-1.0,1.0,7308_run1_1AJ1_1_rename_0067
-1.0,1.0,7508_run1_1AJ1_1_rename_0037
-1.0,1.0,7416_run1_1AJ1_1_rename_0119
-1.0,1.0,7521_run1_1AJ1_1_rename_0059
-1.0,1.0,7269_run1_1AJ1_1_rename_0103
-1.0,1.0,7462_run1_1AJ1_1_rename_0187
-1.0,1.0,7469_run1_1AJ1_1_rename_0144
-1.0,1.0,7572_run1_1AJ1_1_rename_0033
-1.0,1.0,7453_run1_1AJ1_1_rename_0173
-1.0,1.0,7326_run1_1AJ1_1_rename_0064
-1.0,1.0,7555_run1_1AJ1_1_rename_0038
-1.0,1.0,7570_run1_1AJ1_1_rename_0031
-1.0,1.0,7376_run1_1AJ1_1_rename_0193
-1.0,1.0,7304_run1_1AJ1_1_rename_0119
-1.0,1.0,6977_run1_1AJ1_1_rename_0190
-1.0,1.0,7412_run1_1AJ1_1_rename_0195
-1.0,1.0,7311_run1_1AJ1_1_rename_0103
-1.0,1.0,7520_run1_1AJ1_1_rename_0053
-1.0,1.0,7565_run1_1AJ1_1_rename_0037
-1.0,1.0,7356_run1_1AJ1_1_rename_0058
-1.0,1.0,7352_run1_1AJ1_1_rename_0064
-1.0,1.0,7303_run1_1AJ1_1_rename_0157
-1.0,1.0,7277_run1_1AJ1_1_rename_0082
-1.0,1.0,7552_run1_1AJ1_1_rename_0027
-1.0,1.0,7236_run1_1AJ1_1_rename_0069
-1.0,1.0,7509_run1_1AJ1_1_rename_0115
-1.0,1.0,7491_run1_1AJ1_1_rename_0117
-1.0,1.0,7546_run1_1AJ1_1_rename_0045
-1.0,1.0,7497_run1_1AJ1_1_rename_0098
-1.0,1.0,7537_run1_1AJ1_1_rename_0046
-1.0,1.0,7640_run1_1AJ1_1_rename_0016
-1.0,1.0,7664_run1_1AJ1_1_rename_0042
-1.0,1.0,7581_run1_1AJ1_1_rename_0043
-1.0,1.0,7241_run1_1AJ1_1_rename_0103
-1.0,1.0,7556_run1_1AJ1_1_rename_0067
-1.0,1.0,7694_run1_1AJ1_1_rename_0017
-1.0,1.0,7680_run1_1AJ1_1_rename_0035
-1.0,1.0,7343_run1_1AJ1_1_rename_0123
-1.0,1.0,7642_run1_1AJ1_1_rename_0039
-1.0,1.0,7296_run1_1AJ1_1_rename_0044
-1.0,1.0,7564_run1_1AJ1_1_rename_0037
-1.0,1.0,7496_run1_1AJ1_1_rename_0149
-1.0,1.0,7512_run1_1AJ1_1_rename_0070
-1.0,1.0,7642_run1_1AJ1_1_rename_0044
-1.0,1.0,7334_run1_1AJ1_1_rename_0108
-1.0,1.0,7641_run1_1AJ1_1_rename_0037
-1.0,1.0,7252_run1_1AJ1_1_rename_0113
-1.0,1.0,7336_run1_1AJ1_1_rename_0167
-1.0,1.0,7648_run1_1AJ1_1_rename_0065
-1.0,1.0,7617_run1_1AJ1_1_rename_0048
-1.0,1.0,7729_run1_1AJ1_1_rename_0014
-1.0,1.0,7635_run1_1AJ1_1_rename_0078
-1.0,1.0,7597_run1_1AJ1_1_rename_0087
-1.0,1.0,7545_run1_1AJ1_1_rename_0084
-1.0,1.0,7550_run1_1AJ1_1_rename_0112
-1.0,1.0,7250_run1_1AJ1_1_rename_0143
-1.0,1.0,7559_run1_1AJ1_1_rename_0108
-1.0,1.0,7267_run1_1AJ1_1_rename_0173
-1.0,1.0,7600_run1_1AJ1_1_rename_0090
-1.0,1.0,7536_run1_1AJ1_1_rename_0131
-1.0,1.0,7540_run1_1AJ1_1_rename_0058
-1.0,1.0,7533_run1_1AJ1_1_rename_0083
-1.0,1.0,7746_run1_1AJ1_1_rename_0009
-1.0,1.0,7633_run1_1AJ1_1_rename_0079
-1.0,1.0,7420_run1_1AJ1_1_rename_0191
-1.0,1.0,7292_run1_1AJ1_1_rename_0077
-1.0,1.0,7359_run1_1AJ1_1_rename_0149
-1.0,1.0,7241_run1_1AJ1_1_rename_0128
-1.0,1.0,7336_run1_1AJ1_1_rename_0198
-1.0,1.0,7713_run1_1AJ1_1_rename_0068
-1.0,1.0,7650_run1_1AJ1_1_rename_0083
-1.0,1.0,7602_run1_1AJ1_1_rename_0109
-1.0,1.0,7668_run1_1AJ1_1_rename_0091
-1.0,1.0,7244_run1_1AJ1_1_rename_0093
-1.0,1.0,7641_run1_1AJ1_1_rename_0074
-1.0,1.0,7245_run1_1AJ1_1_rename_0137
-1.0,1.0,7670_run1_1AJ1_1_rename_0089
-1.0,1.0,7652_run1_1AJ1_1_rename_0131
-1.0,1.0,7793_run1_1AJ1_1_rename_0003
-1.0,1.0,7613_run1_1AJ1_1_rename_0126
-1.0,1.0,7264_run1_1AJ1_1_rename_0110
-1.0,1.0,7611_run1_1AJ1_1_rename_0129
-1.0,1.0,7720_run1_1AJ1_1_rename_0123
-1.0,1.0,7337_run1_1AJ1_1_rename_0126
-1.0,1.0,7652_run1_1AJ1_1_rename_0142
-1.0,1.0,7523_run1_1AJ1_1_rename_0184
-1.0,1.0,7344_run1_1AJ1_1_rename_0102
-1.0,1.0,7354_run1_1AJ1_1_rename_0187
-1.0,1.0,7346_run1_1AJ1_1_rename_0150
-1.0,1.0,7714_run1_1AJ1_1_rename_0099
-1.0,1.0,7766_run1_1AJ1_1_rename_0039
-1.0,1.0,7248_run1_1AJ1_1_rename_0121
-1.0,1.0,7762_run1_1AJ1_1_rename_0024
-1.0,1.0,7616_run1_1AJ1_1_rename_0112
-1.0,1.0,7658_run1_1AJ1_1_rename_0150
-1.0,1.0,7247_run1_1AJ1_1_rename_0165
-1.0,1.0,7666_run1_1AJ1_1_rename_0052
-1.0,1.0,7666_run1_1AJ1_1_rename_0053
-1.0,1.0,7359_run1_1AJ1_1_rename_0196
-1.0,1.0,7236_run1_1AJ1_1_rename_0119
-1.0,1.0,7724_run1_1AJ1_1_rename_0149
-1.0,1.0,7683_run1_1AJ1_1_rename_0063
-1.0,1.0,7668_run1_1AJ1_1_rename_0129
-1.0,1.0,7667_run1_1AJ1_1_rename_0074
-1.0,1.0,7743_run1_1AJ1_1_rename_0050
-1.0,1.0,7312_run1_1AJ1_1_rename_0107
-1.0,1.0,7843_run1_1AJ1_1_rename_0039
-1.0,1.0,7544_run1_1AJ1_1_rename_0120
-1.0,1.0,7787_run1_1AJ1_1_rename_0078
-1.0,1.0,7598_run1_1AJ1_1_rename_0173
-1.0,1.0,7341_run1_1AJ1_1_rename_0193
-1.0,1.0,7746_run1_1AJ1_1_rename_0044
-1.0,1.0,7858_run1_1AJ1_1_rename_0030
-1.0,1.0,7822_run1_1AJ1_1_rename_0069
-1.0,1.0,7353_run1_1AJ1_1_rename_0171
-1.0,1.0,7805_run1_1AJ1_1_rename_0045
-1.0,1.0,7360_run1_1AJ1_1_rename_0185
-1.0,1.0,7312_run1_1AJ1_1_rename_0130
-1.0,1.0,7360_run1_1AJ1_1_rename_0192
-1.0,1.0,7580_run1_1AJ1_1_rename_0180
-1.0,1.0,7329_run1_1AJ1_1_rename_0180
-1.0,1.0,7797_run1_1AJ1_1_rename_0071
-1.0,1.0,7951_run1_1AJ1_1_rename_0113
-1.0,1.0,7790_run1_1AJ1_1_rename_0099
-1.0,1.0,7667_run1_1AJ1_1_rename_0113
-1.0,1.0,8018_run1_1AJ1_1_rename_0033
-1.0,1.0,7748_run1_1AJ1_1_rename_0074
-1.0,1.0,7649_run1_1AJ1_1_rename_0188
-1.0,1.0,7802_run1_1AJ1_1_rename_0133
-1.0,1.0,7749_run1_1AJ1_1_rename_0108
-1.0,1.0,8110_run1_1AJ1_1_rename_0005
-1.0,1.0,8049_run1_1AJ1_1_rename_0030
-1.0,1.0,8069_run1_1AJ1_1_rename_0012
-1.0,1.0,8148_run1_1AJ1_1_rename_0003
-1.0,1.0,8025_run1_1AJ1_1_rename_0114
-1.0,1.0,8097_run1_1AJ1_1_rename_0011
-1.0,1.0,8049_run1_1AJ1_1_rename_0033
-1.0,1.0,7753_run1_1AJ1_1_rename_0148
-1.0,1.0,7844_run1_1AJ1_1_rename_0187
-1.0,1.0,7988_run1_1AJ1_1_rename_0110
-1.0,1.0,7732_run1_1AJ1_1_rename_0081
-1.0,1.0,8154_run1_1AJ1_1_rename_0019
-1.0,1.0,7860_run1_1AJ1_1_rename_0113
-1.0,1.0,7344_run1_1AJ1_1_rename_0189
-1.0,1.0,8127_run1_1AJ1_1_rename_0033
-1.0,1.0,8001_run1_1AJ1_1_rename_0187
-1.0,1.0,8079_run1_1AJ1_1_rename_0051
-1.0,1.0,7758_run1_1AJ1_1_rename_0183
-1.0,1.0,7868_run1_1AJ1_1_rename_0171
-1.0,1.0,8211_run1_1AJ1_1_rename_0044
-1.0,1.0,8177_run1_1AJ1_1_rename_0045
-1.0,1.0,7859_run1_1AJ1_1_rename_0080
-1.0,1.0,7827_run1_1AJ1_1_rename_0101
-1.0,1.0,8201_run1_1AJ1_1_rename_0036
-1.0,1.0,8188_run1_1AJ1_1_rename_0072
-1.0,1.0,8073_run1_1AJ1_1_rename_0066
-1.0,1.0,8308_run1_1AJ1_1_rename_0001
-1.0,1.0,8152_run1_1AJ1_1_rename_0016
-1.0,1.0,8237_run1_1AJ1_1_rename_0108
-1.0,1.0,8116_run1_1AJ1_1_rename_0030
-1.0,1.0,7312_run1_1AJ1_1_rename_0177
-1.0,1.0,8157_run1_1AJ1_1_rename_0031
-1.0,1.0,8174_run1_1AJ1_1_rename_0032
-1.0,1.0,8059_run1_1AJ1_1_rename_0150
-1.0,1.0,8088_run1_1AJ1_1_rename_0040
-1.0,1.0,7681_run1_1AJ1_1_rename_0143
-1.0,1.0,8052_run1_1AJ1_1_rename_0106
-1.0,1.0,8302_run1_1AJ1_1_rename_0051
-1.0,1.0,8318_run1_1AJ1_1_rename_0024
-1.0,1.0,8261_run1_1AJ1_1_rename_0062
-1.0,1.0,7809_run1_1AJ1_1_rename_0121
-1.0,1.0,8256_run1_1AJ1_1_rename_0150
-1.0,1.0,8270_run1_1AJ1_1_rename_0122
-1.0,1.0,8305_run1_1AJ1_1_rename_0062
-1.0,1.0,8102_run1_1AJ1_1_rename_0073
-1.0,1.0,8337_run1_1AJ1_1_rename_0009
-1.0,1.0,8319_run1_1AJ1_1_rename_0036
-1.0,1.0,8364_run1_1AJ1_1_rename_0019
-1.0,1.0,8104_run1_1AJ1_1_rename_0069
-1.0,1.0,7795_run1_1AJ1_1_rename_0132
-1.0,1.0,7292_run1_1AJ1_1_rename_0176
-1.0,1.0,8326_run1_1AJ1_1_rename_0035
-1.0,1.0,7805_run1_1AJ1_1_rename_0147
-1.0,1.0,7312_run1_1AJ1_1_rename_0185
-1.0,1.0,7666_run1_1AJ1_1_rename_0128
-1.0,1.0,8168_run1_1AJ1_1_rename_0065
-1.0,1.0,8317_run1_1AJ1_1_rename_0062
-1.0,1.0,8407_run1_1AJ1_1_rename_0027
-1.0,1.0,8377_run1_1AJ1_1_rename_0045
-1.0,1.0,8080_run1_1AJ1_1_rename_0093
-1.0,1.0,8120_run1_1AJ1_1_rename_0055
-1.0,1.0,8424_run1_1AJ1_1_rename_0007
-1.0,1.0,7858_run1_1AJ1_1_rename_0134
-1.0,1.0,7800_run1_1AJ1_1_rename_0196
-1.0,1.0,8088_run1_1AJ1_1_rename_0053
-1.0,1.0,8453_run1_1AJ1_1_rename_0019
-1.0,1.0,7860_run1_1AJ1_1_rename_0172
-1.0,1.0,8131_run1_1AJ1_1_rename_0080
-1.0,1.0,8291_run1_1AJ1_1_rename_0128
-1.0,1.0,8393_run1_1AJ1_1_rename_0042
-1.0,1.0,8470_run1_1AJ1_1_rename_0008
-1.0,1.0,8172_run1_1AJ1_1_rename_0102
-1.0,1.0,8115_run1_1AJ1_1_rename_0109
-1.0,1.0,8318_run1_1AJ1_1_rename_0089
-1.0,1.0,8096_run1_1AJ1_1_rename_0075
-1.0,1.0,8360_run1_1AJ1_1_rename_0147
-1.0,1.0,8440_run1_1AJ1_1_rename_0101
-1.0,1.0,8495_run1_1AJ1_1_rename_0020
-1.0,1.0,8380_run1_1AJ1_1_rename_0091
-1.0,1.0,8295_run1_1AJ1_1_rename_0128
-1.0,1.0,8500_run1_1AJ1_1_rename_0110
-1.0,1.0,8436_run1_1AJ1_1_rename_0116
-1.0,1.0,8117_run1_1AJ1_1_rename_0096
-1.0,1.0,8133_run1_1AJ1_1_rename_0191
-1.0,1.0,8494_run1_1AJ1_1_rename_0064
-1.0,1.0,7681_run1_1AJ1_1_rename_0173
-1.0,1.0,8500_run1_1AJ1_1_rename_0153
-1.0,1.0,8295_run1_1AJ1_1_rename_0176
-1.0,1.0,8326_run1_1AJ1_1_rename_0169
-1.0,1.0,7748_run1_1AJ1_1_rename_0153
-1.0,1.0,8292_run1_1AJ1_1_rename_0157
-1.0,1.0,8518_run1_1AJ1_1_rename_0016
-1.0,1.0,8396_run1_1AJ1_1_rename_0095
-1.0,1.0,8149_run1_1AJ1_1_rename_0076
-1.0,1.0,8382_run1_1AJ1_1_rename_0127
-1.0,1.0,8507_run1_1AJ1_1_rename_0059
-1.0,1.0,8630_run1_1AJ1_1_rename_0015
-1.0,1.0,8103_run1_1AJ1_1_rename_0147
-1.0,1.0,8691_run1_1AJ1_1_rename_0049
-1.0,1.0,8566_run1_1AJ1_1_rename_0069
-1.0,1.0,8158_run1_1AJ1_1_rename_0149
-1.0,1.0,8298_run1_1AJ1_1_rename_0194
-1.0,1.0,7761_run1_1AJ1_1_rename_0172
-1.0,1.0,8576_run1_1AJ1_1_rename_0073
-1.0,1.0,8658_run1_1AJ1_1_rename_0087
-1.0,1.0,8517_run1_1AJ1_1_rename_0041
-1.0,1.0,8557_run1_1AJ1_1_rename_0075
-1.0,1.0,8153_run1_1AJ1_1_rename_0159
-1.0,1.0,8566_run1_1AJ1_1_rename_0079
-1.0,1.0,8652_run1_1AJ1_1_rename_0109
-1.0,1.0,8560_run1_1AJ1_1_rename_0095
-1.0,1.0,8624_run1_1AJ1_1_rename_0031
-1.0,1.0,8550_run1_1AJ1_1_rename_0058
-1.0,1.0,8701_run1_1AJ1_1_rename_0109
-1.0,1.0,8172_run1_1AJ1_1_rename_0191
-1.0,1.0,8151_run1_1AJ1_1_rename_0198
-1.0,1.0,8074_run1_1AJ1_1_rename_0195
-1.0,1.0,8775_run1_1AJ1_1_rename_0036
-1.0,1.0,8617_run1_1AJ1_1_rename_0033
-1.0,1.0,8757_run1_1AJ1_1_rename_0025
-1.0,1.0,8832_run1_1AJ1_1_rename_0009
-1.0,1.0,8537_run1_1AJ1_1_rename_0077
-1.0,1.0,8768_run1_1AJ1_1_rename_0080
-1.0,1.0,8594_run1_1AJ1_1_rename_0086
-1.0,1.0,8540_run1_1AJ1_1_rename_0087
-1.0,1.0,8200_run1_1AJ1_1_rename_0174
-1.0,1.0,8785_run1_1AJ1_1_rename_0110
-1.0,1.0,8738_run1_1AJ1_1_rename_0036
-1.0,1.0,8885_run1_1AJ1_1_rename_0022
-1.0,1.0,8628_run1_1AJ1_1_rename_0118
-1.0,1.0,8397_run1_1AJ1_1_rename_0168
-1.0,1.0,8744_run1_1AJ1_1_rename_0034
-1.0,1.0,8538_run1_1AJ1_1_rename_0111
-1.0,1.0,8824_run1_1AJ1_1_rename_0021
-1.0,1.0,8541_run1_1AJ1_1_rename_0110
-1.0,1.0,8589_run1_1AJ1_1_rename_0130
-1.0,1.0,8620_run1_1AJ1_1_rename_0092
-1.0,1.0,8536_run1_1AJ1_1_rename_0112
-1.0,1.0,8928_run1_1AJ1_1_rename_0038
-1.0,1.0,8957_run1_1AJ1_1_rename_0017
-1.0,1.0,8874_run1_1AJ1_1_rename_0150
-1.0,1.0,8873_run1_1AJ1_1_rename_0118
-1.0,1.0,8828_run1_1AJ1_1_rename_0040
-1.0,1.0,8565_run1_1AJ1_1_rename_0150
-1.0,1.0,8847_run1_1AJ1_1_rename_0115
-1.0,1.0,8865_run1_1AJ1_1_rename_0103
-1.0,1.0,8794_run1_1AJ1_1_rename_0095
-1.0,1.0,8090_run1_1AJ1_1_rename_0191
-1.0,1.0,9019_run1_1AJ1_1_rename_0003
-1.0,1.0,8544_run1_1AJ1_1_rename_0142
-1.0,1.0,8973_run1_1AJ1_1_rename_0017
-1.0,1.0,8622_run1_1AJ1_1_rename_0119
-1.0,1.0,8149_run1_1AJ1_1_rename_0139
-1.0,1.0,8791_run1_1AJ1_1_rename_0097
-1.0,1.0,8987_run1_1AJ1_1_rename_0018
-1.0,1.0,8568_run1_1AJ1_1_rename_0186
-1.0,1.0,8958_run1_1AJ1_1_rename_0128
-1.0,1.0,8738_run1_1AJ1_1_rename_0069
-1.0,1.0,8859_run1_1AJ1_1_rename_0190
-1.0,1.0,8176_run1_1AJ1_1_rename_0186
-1.0,1.0,8974_run1_1AJ1_1_rename_0045
-1.0,1.0,8964_run1_1AJ1_1_rename_0026
-1.0,1.0,8831_run1_1AJ1_1_rename_0073
-1.0,1.0,9073_run1_1AJ1_1_rename_0038
-1.0,1.0,8841_run1_1AJ1_1_rename_0085
-1.0,1.0,8988_run1_1AJ1_1_rename_0019
-1.0,1.0,8766_run1_1AJ1_1_rename_0113
-1.0,1.0,8608_run1_1AJ1_1_rename_0185
-1.0,1.0,8176_run1_1AJ1_1_rename_0194
-1.0,1.0,9094_run1_1AJ1_1_rename_0071
-1.0,1.0,8518_run1_1AJ1_1_rename_0112
-1.0,1.0,8517_run1_1AJ1_1_rename_0118
-1.0,1.0,8742_run1_1AJ1_1_rename_0081
-1.0,1.0,8572_run1_1AJ1_1_rename_0188
-1.0,1.0,9161_run1_1AJ1_1_rename_0034
-1.0,1.0,8766_run1_1AJ1_1_rename_0139
-1.0,1.0,9181_run1_1AJ1_1_rename_0011
-1.0,1.0,8982_run1_1AJ1_1_rename_0031
-1.0,1.0,9008_run1_1AJ1_1_rename_0183
-1.0,1.0,9121_run1_1AJ1_1_rename_0139
-1.0,1.0,9142_run1_1AJ1_1_rename_0028
-1.0,1.0,8617_run1_1AJ1_1_rename_0129
-1.0,1.0,8981_run1_1AJ1_1_rename_0045
-1.0,1.0,9124_run1_1AJ1_1_rename_0124
-1.0,1.0,8968_run1_1AJ1_1_rename_0046
-1.0,1.0,9156_run1_1AJ1_1_rename_0022
-1.0,1.0,8116_run1_1AJ1_1_rename_0194
-1.0,1.0,8743_run1_1AJ1_1_rename_0165
-1.0,1.0,8173_run1_1AJ1_1_rename_0195
-1.0,1.0,8586_run1_1AJ1_1_rename_0171
-1.0,1.0,9239_run1_1AJ1_1_rename_0042
-1.0,1.0,9024_run1_1AJ1_1_rename_0049
-1.0,1.0,9258_run1_1AJ1_1_rename_0010
-1.0,1.0,9044_run1_1AJ1_1_rename_0058
-1.0,1.0,9079_run1_1AJ1_1_rename_0070
-1.0,1.0,8829_run1_1AJ1_1_rename_0106
-1.0,1.0,9128_run1_1AJ1_1_rename_0122
-1.0,1.0,9096_run1_1AJ1_1_rename_0060
-1.0,1.0,8982_run1_1AJ1_1_rename_0057
-1.0,1.0,8823_run1_1AJ1_1_rename_0149
-1.0,1.0,9293_run1_1AJ1_1_rename_0022
-1.0,1.0,9186_run1_1AJ1_1_rename_0099
-1.0,1.0,9114_run1_1AJ1_1_rename_0146
-1.0,1.0,9060_run1_1AJ1_1_rename_0184
-1.0,1.0,9253_run1_1AJ1_1_rename_0075
-1.0,1.0,8975_run1_1AJ1_1_rename_0081
-1.0,1.0,9206_run1_1AJ1_1_rename_0067
-1.0,1.0,8812_run1_1AJ1_1_rename_0198
-1.0,1.0,9212_run1_1AJ1_1_rename_0052
-1.0,1.0,9221_run1_1AJ1_1_rename_0153
-1.0,1.0,9208_run1_1AJ1_1_rename_0080
-1.0,1.0,9320_run1_1AJ1_1_rename_0010
-1.0,1.0,9036_run1_1AJ1_1_rename_0102
-1.0,1.0,9042_run1_1AJ1_1_rename_0075
-1.0,1.0,8973_run1_1AJ1_1_rename_0095
-1.0,1.0,9016_run1_1AJ1_1_rename_0130
-1.0,1.0,9328_run1_1AJ1_1_rename_0040
-1.0,1.0,9140_run1_1AJ1_1_rename_0155
-1.0,1.0,8829_run1_1AJ1_1_rename_0129
-1.0,1.0,9311_run1_1AJ1_1_rename_0065
-1.0,1.0,8845_run1_1AJ1_1_rename_0160
-1.0,1.0,8825_run1_1AJ1_1_rename_0138
-1.0,1.0,9259_run1_1AJ1_1_rename_0134
-1.0,1.0,9202_run1_1AJ1_1_rename_0142
-1.0,1.0,8845_run1_1AJ1_1_rename_0162
-1.0,1.0,9129_run1_1AJ1_1_rename_0118
-1.0,1.0,8967_run1_1AJ1_1_rename_0095
-1.0,1.0,9040_run1_1AJ1_1_rename_0127
-1.0,1.0,9058_run1_1AJ1_1_rename_0148
-1.0,1.0,9097_run1_1AJ1_1_rename_0104
-1.0,1.0,9045_run1_1AJ1_1_rename_0140
-1.0,1.0,9046_run1_1AJ1_1_rename_0151
-1.0,1.0,8829_run1_1AJ1_1_rename_0139
-1.0,1.0,9187_run1_1AJ1_1_rename_0163
-1.0,1.0,9021_run1_1AJ1_1_rename_0098
-1.0,1.0,9374_run1_1AJ1_1_rename_0027
-1.0,1.0,9438_run1_1AJ1_1_rename_0005
-1.0,1.0,9156_run1_1AJ1_1_rename_0105
-1.0,1.0,9237_run1_1AJ1_1_rename_0167
-1.0,1.0,9240_run1_1AJ1_1_rename_0182
-1.0,1.0,8829_run1_1AJ1_1_rename_0163
-1.0,1.0,9292_run1_1AJ1_1_rename_0175
-1.0,1.0,9141_run1_1AJ1_1_rename_0136
-1.0,1.0,9520_run1_1AJ1_1_rename_0036
-1.0,1.0,9369_run1_1AJ1_1_rename_0126
-1.0,1.0,9395_run1_1AJ1_1_rename_0134
-1.0,1.0,8738_run1_1AJ1_1_rename_0169
-1.0,1.0,9499_run1_1AJ1_1_rename_0105
-1.0,1.0,8982_run1_1AJ1_1_rename_0112
-1.0,1.0,9405_run1_1AJ1_1_rename_0112
-1.0,1.0,9266_run1_1AJ1_1_rename_0187
-1.0,1.0,8738_run1_1AJ1_1_rename_0176
-1.0,1.0,8981_run1_1AJ1_1_rename_0109
-1.0,1.0,8962_run1_1AJ1_1_rename_0112
-1.0,1.0,9569_run1_1AJ1_1_rename_0178
-1.0,1.0,9262_run1_1AJ1_1_rename_0192
-1.0,1.0,9697_run1_1AJ1_1_rename_0025
-1.0,1.0,8825_run1_1AJ1_1_rename_0197
-1.0,1.0,9097_run1_1AJ1_1_rename_0170
-1.0,1.0,9320_run1_1AJ1_1_rename_0156
-1.0,1.0,9021_run1_1AJ1_1_rename_0133
-1.0,1.0,9869_run1_1AJ1_1_rename_0003
-1.0,1.0,9865_run1_1AJ1_1_rename_0018
-1.0,1.0,9374_run1_1AJ1_1_rename_0135
-1.0,1.0,9692_run1_1AJ1_1_rename_0040
-1.0,1.0,9797_run1_1AJ1_1_rename_0096
-1.0,1.0,9778_run1_1AJ1_1_rename_0081
-1.0,1.0,9632_run1_1AJ1_1_rename_0161
-1.0,1.0,9634_run1_1AJ1_1_rename_0066
-1.0,1.0,9636_run1_1AJ1_1_rename_0089
-1.0,1.0,9853_run1_1AJ1_1_rename_0086
-1.0,1.0,9877_run1_1AJ1_1_rename_0118
-1.0,1.0,9313_run1_1AJ1_1_rename_0180
-1.0,1.0,9709_run1_1AJ1_1_rename_0094
-1.0,1.0,9688_run1_1AJ1_1_rename_0085
-1.0,1.0,9889_run1_1AJ1_1_rename_0151
-1.0,1.0,9718_run1_1AJ1_1_rename_0036
-1.0,1.0,9887_run1_1AJ1_1_rename_0150
-1.0,1.0,8977_run1_1AJ1_1_rename_0159
-1.0,1.0,20059_run1_1AJ1_1_rename_0021
-1.0,1.0,9951_run1_1AJ1_1_rename_0098
-1.0,1.0,9017_run1_1AJ1_1_rename_0188
-1.0,1.0,9634_run1_1AJ1_1_rename_0159
-1.0,1.0,20037_run1_1AJ1_1_rename_0056
-1.0,1.0,9740_run1_1AJ1_1_rename_0141
-1.0,1.0,9994_run1_1AJ1_1_rename_0047
-1.0,1.0,20042_run1_1AJ1_1_rename_0045
-1.0,1.0,9685_run1_1AJ1_1_rename_0145
-1.0,1.0,9636_run1_1AJ1_1_rename_0136
-1.0,1.0,8988_run1_1AJ1_1_rename_0157
-1.0,1.0,20060_run1_1AJ1_1_rename_0091
-1.0,1.0,10157_run1_1AJ1_1_rename_0014
-1.0,1.0,10222_run1_1AJ1_1_rename_0020
-1.0,1.0,9720_run1_1AJ1_1_rename_0094
-1.0,1.0,10236_run1_1AJ1_1_rename_0013
-1.0,1.0,10204_run1_1AJ1_1_rename_0040
-1.0,1.0,20088_run1_1AJ1_1_rename_0021
-1.0,1.0,8963_run1_1AJ1_1_rename_0158
-1.0,1.0,20029_run1_1AJ1_1_rename_0148
-1.0,1.0,10282_run1_1AJ1_1_rename_0028
-1.0,1.0,9984_run1_1AJ1_1_rename_0112
-1.0,1.0,8987_run1_1AJ1_1_rename_0169
-1.0,1.0,10221_run1_1AJ1_1_rename_0034
-1.0,1.0,10209_run1_1AJ1_1_rename_0039
-1.0,1.0,9984_run1_1AJ1_1_rename_0120
-1.0,1.0,10157_run1_1AJ1_1_rename_0036
-1.0,1.0,10181_run1_1AJ1_1_rename_0026
-1.0,1.0,20093_run1_1AJ1_1_rename_0069
-1.0,1.0,10309_run1_1AJ1_1_rename_0038
-1.0,1.0,10349_run1_1AJ1_1_rename_0014
-1.0,1.0,10204_run1_1AJ1_1_rename_0102
-1.0,1.0,10205_run1_1AJ1_1_rename_0069
-1.0,1.0,8977_run1_1AJ1_1_rename_0193
-1.0,1.0,20092_run1_1AJ1_1_rename_0068
-1.0,1.0,10205_run1_1AJ1_1_rename_0084
-1.0,1.0,10391_run1_1AJ1_1_rename_0017
-1.0,1.0,10429_run1_1AJ1_1_rename_0103
-1.0,1.0,10416_run1_1AJ1_1_rename_0014
-1.0,1.0,10349_run1_1AJ1_1_rename_0045
-1.0,1.0,10135_run1_1AJ1_1_rename_0075
-1.0,1.0,10178_run1_1AJ1_1_rename_0087
-1.0,1.0,10335_run1_1AJ1_1_rename_0069
-1.0,1.0,10201_run1_1AJ1_1_rename_0125
-1.0,1.0,20085_run1_1AJ1_1_rename_0145
-1.0,1.0,10109_run1_1AJ1_1_rename_0081
-1.0,1.0,10201_run1_1AJ1_1_rename_0127
-1.0,1.0,10562_run1_1AJ1_1_rename_0005
-1.0,1.0,10168_run1_1AJ1_1_rename_0162
-1.0,1.0,10546_run1_1AJ1_1_rename_0046
-1.0,1.0,10197_run1_1AJ1_1_rename_0140
-1.0,1.0,10155_run1_1AJ1_1_rename_0102
-1.0,1.0,10641_run1_1AJ1_1_rename_0001
-1.0,1.0,10389_run1_1AJ1_1_rename_0084
-1.0,1.0,10621_run1_1AJ1_1_rename_0029
-1.0,1.0,10403_run1_1AJ1_1_rename_0044
-1.0,1.0,10349_run1_1AJ1_1_rename_0080
-1.0,1.0,10262_run1_1AJ1_1_rename_0196
-1.0,1.0,10585_run1_1AJ1_1_rename_0063
-1.0,1.0,20093_run1_1AJ1_1_rename_0171
-1.0,1.0,10569_run1_1AJ1_1_rename_0074
-1.0,1.0,10605_run1_1AJ1_1_rename_0079
-1.0,1.0,20097_run1_1AJ1_1_rename_0158
-1.0,1.0,10373_run1_1AJ1_1_rename_0129
-1.0,1.0,10607_run1_1AJ1_1_rename_0147
-1.0,1.0,10607_run1_1AJ1_1_rename_0148
-1.0,1.0,10605_run1_1AJ1_1_rename_0081
-1.0,1.0,10691_run1_1AJ1_1_rename_0025
-1.0,1.0,20094_run1_1AJ1_1_rename_0154
-1.0,1.0,10212_run1_1AJ1_1_rename_0176
-1.0,1.0,10359_run1_1AJ1_1_rename_0105
-1.0,1.0,10257_run1_1AJ1_1_rename_0179
-1.0,1.0,10612_run1_1AJ1_1_rename_0121
-1.0,1.0,10603_run1_1AJ1_1_rename_0118
-1.0,1.0,10599_run1_1AJ1_1_rename_0157
-1.0,1.0,10642_run1_1AJ1_1_rename_0122
-1.0,1.0,10661_run1_1AJ1_1_rename_0052
-1.0,1.0,10544_run1_1AJ1_1_rename_0148
-1.0,1.0,10381_run1_1AJ1_1_rename_0110
-1.0,1.0,10317_run1_1AJ1_1_rename_0124
-1.0,1.0,10532_run1_1AJ1_1_rename_0144
-1.0,1.0,10177_run1_1AJ1_1_rename_0159
-1.0,1.0,10349_run1_1AJ1_1_rename_0111
-1.0,1.0,10192_run1_1AJ1_1_rename_0120
-1.0,1.0,10688_run1_1AJ1_1_rename_0091
-1.0,1.0,10653_run1_1AJ1_1_rename_0096
-1.0,1.0,10669_run1_1AJ1_1_rename_0157
-1.0,1.0,20081_run1_1AJ1_1_rename_0189
-1.0,1.0,10745_run1_1AJ1_1_rename_0143
-1.0,1.0,10399_run1_1AJ1_1_rename_0139
-1.0,1.0,10655_run1_1AJ1_1_rename_0126
-1.0,1.0,10157_run1_1AJ1_1_rename_0141
-1.0,1.0,10541_run1_1AJ1_1_rename_0181
-1.0,1.0,10308_run1_1AJ1_1_rename_0200
-1.0,1.0,10709_run1_1AJ1_1_rename_0117
-1.0,1.0,10685_run1_1AJ1_1_rename_0194
-1.0,1.0,10410_run1_1AJ1_1_rename_0179
-1.0,1.0,10105_run1_1AJ1_1_rename_0150
-1.0,1.0,10397_run1_1AJ1_1_rename_0163
-1.0,1.0,10381_run1_1AJ1_1_rename_0185
-1.0,1.0,10367_run1_1AJ1_1_rename_0200
-1.0,1.0,10401_run1_1AJ1_1_rename_0152
-1.0,1.0,10739_run1_1AJ1_1_rename_0181
-1.0,1.0,20089_run1_1AJ1_1_rename_0193
-1.0,1.0,10709_run1_1AJ1_1_rename_0196
-1.0,1.0,10403_run1_1AJ1_1_rename_0181
