16_CA-17_CA-14_CA-11_CA,15_CA-17_CA-13_CA-10_CA,description
-1.0,-1.0,46_init_6PQG_1_rename_0007
-1.0,-1.0,70_init_6PQG_1_rename_0004
-1.0,-1.0,252_init_6PQG_1_rename_0003
-1.0,-1.0,15_init_6PQG_1_rename_0072
-1.0,-1.0,315_init_6PQG_1_rename_0001
-1.0,-1.0,365_init_6PQG_1_rename_0031
-1.0,-1.0,405_init_6PQG_1_rename_0013
-1.0,-1.0,329_init_6PQG_1_rename_0039
-1.0,-1.0,291_init_6PQG_1_rename_0055
-1.0,-1.0,501_init_6PQG_1_rename_0035
-1.0,-1.0,319_init_6PQG_1_rename_0022
-1.0,-1.0,268_init_6PQG_1_rename_0041
-1.0,-1.0,255_init_6PQG_1_rename_0037
-1.0,-1.0,306_init_6PQG_1_rename_0046
-1.0,-1.0,537_init_6PQG_1_rename_0006
-1.0,-1.0,567_init_6PQG_1_rename_0036
-1.0,-1.0,250_init_6PQG_1_rename_0034
-1.0,-1.0,294_init_6PQG_1_rename_0063
-1.0,-1.0,524_init_6PQG_1_rename_0084
-1.0,-1.0,302_init_6PQG_1_rename_0038
-1.0,-1.0,583_init_6PQG_1_rename_0030
-1.0,-1.0,279_init_6PQG_1_rename_0046
-1.0,-1.0,130_init_6PQG_1_rename_0091
-1.0,-1.0,362_init_6PQG_1_rename_0040
-1.0,-1.0,255_init_6PQG_1_rename_0048
-1.0,-1.0,378_init_6PQG_1_rename_0072
-1.0,-1.0,250_init_6PQG_1_rename_0044
-1.0,-1.0,324_init_6PQG_1_rename_0053
-1.0,-1.0,429_init_6PQG_1_rename_0080
-1.0,-1.0,665_init_6PQG_1_rename_0026
-1.0,-1.0,656_init_6PQG_1_rename_0033
-1.0,-1.0,254_init_6PQG_1_rename_0081
-1.0,-1.0,716_init_6PQG_1_rename_0008
-1.0,-1.0,379_init_6PQG_1_rename_0091
-1.0,-1.0,555_init_6PQG_1_rename_0088
-1.0,-1.0,381_init_6PQG_1_rename_0093
-1.0,-1.0,725_init_6PQG_1_rename_0008
-1.0,-1.0,615_init_6PQG_1_rename_0041
-1.0,-1.0,770_init_6PQG_1_rename_0005
-1.0,-1.0,273_init_6PQG_1_rename_0082
-1.0,-1.0,279_init_6PQG_1_rename_0056
-1.0,-1.0,314_init_6PQG_1_rename_0051
-1.0,-1.0,763_init_6PQG_1_rename_0015
-1.0,-1.0,463_init_6PQG_1_rename_0042
-1.0,-1.0,652_init_6PQG_1_rename_0049
-1.0,-1.0,255_init_6PQG_1_rename_0063
-1.0,-1.0,604_init_6PQG_1_rename_0039
-1.0,-1.0,436_init_6PQG_1_rename_0080
-1.0,-1.0,760_init_6PQG_1_rename_0023
-1.0,-1.0,609_init_6PQG_1_rename_0076
-1.0,-1.0,419_init_6PQG_1_rename_0078
-1.0,-1.0,250_init_6PQG_1_rename_0057
-1.0,-1.0,790_init_6PQG_1_rename_0028
-1.0,-1.0,785_init_6PQG_1_rename_0026
-1.0,-1.0,255_init_6PQG_1_rename_0078
-1.0,-1.0,385_init_6PQG_1_rename_0091
-1.0,-1.0,454_init_6PQG_1_rename_0098
-1.0,-1.0,626_init_6PQG_1_rename_0082
-1.0,-1.0,451_init_6PQG_1_rename_0100
-1.0,-1.0,743_init_6PQG_1_rename_0054
-1.0,-1.0,325_init_6PQG_1_rename_0083
-1.0,-1.0,742_init_6PQG_1_rename_0052
-1.0,-1.0,721_init_6PQG_1_rename_0077
-1.0,-1.0,717_init_6PQG_1_rename_0076
-1.0,-1.0,817_init_6PQG_1_rename_0070
-1.0,-1.0,1084_init_6PQG_1_rename_0008
-1.0,-1.0,962_init_6PQG_1_rename_0077
-1.0,-1.0,804_init_6PQG_1_rename_0067
-1.0,-1.0,1093_init_6PQG_1_rename_0011
-1.0,-1.0,800_init_6PQG_1_rename_0036
-1.0,-1.0,1093_init_6PQG_1_rename_0015
-1.0,-1.0,463_init_6PQG_1_rename_0060
-1.0,-1.0,786_init_6PQG_1_rename_0097
-1.0,-1.0,1121_init_6PQG_1_rename_0007
-1.0,-1.0,1180_init_6PQG_1_rename_0028
-1.0,-1.0,1245_init_6PQG_1_rename_0001
-1.0,-1.0,759_init_6PQG_1_rename_0055
-1.0,-1.0,764_init_6PQG_1_rename_0093
-1.0,-1.0,965_init_6PQG_1_rename_0056
-1.0,-1.0,1125_init_6PQG_1_rename_0015
-1.0,-1.0,1165_init_6PQG_1_rename_0029
-1.0,-1.0,707_init_6PQG_1_rename_0088
-1.0,-1.0,1330_init_6PQG_1_rename_0001
-1.0,-1.0,459_init_6PQG_1_rename_0094
-1.0,-1.0,1132_init_6PQG_1_rename_0025
-1.0,-1.0,1189_init_6PQG_1_rename_0041
-1.0,-1.0,1361_init_6PQG_1_rename_0015
-1.0,-1.0,1130_init_6PQG_1_rename_0039
-1.0,-1.0,1016_init_6PQG_1_rename_0051
-1.0,-1.0,1333_init_6PQG_1_rename_0035
-1.0,-1.0,1325_init_6PQG_1_rename_0026
-1.0,-1.0,1116_init_6PQG_1_rename_0024
-1.0,-1.0,1432_init_6PQG_1_rename_0037
-1.0,-1.0,1121_init_6PQG_1_rename_0037
-1.0,-1.0,1093_init_6PQG_1_rename_0053
-1.0,-1.0,1050_init_6PQG_1_rename_0092
-1.0,-1.0,1289_init_6PQG_1_rename_0092
-1.0,-1.0,1489_init_6PQG_1_rename_0023
-1.0,-1.0,1400_init_6PQG_1_rename_0032
-1.0,-1.0,1165_init_6PQG_1_rename_0094
-1.0,-1.0,800_init_6PQG_1_rename_0065
-1.0,-1.0,1173_init_6PQG_1_rename_0081
-1.0,-1.0,1082_init_6PQG_1_rename_0056
-1.0,-1.0,1611_init_6PQG_1_rename_0008
-1.0,-1.0,1659_init_6PQG_1_rename_0001
-1.0,-1.0,1299_init_6PQG_1_rename_0088
-1.0,-1.0,1172_init_6PQG_1_rename_0079
-1.0,-1.0,1563_init_6PQG_1_rename_0045
-1.0,-1.0,1635_init_6PQG_1_rename_0007
-1.0,-1.0,1333_init_6PQG_1_rename_0068
-1.0,-1.0,1722_init_6PQG_1_rename_0002
-1.0,-1.0,1133_init_6PQG_1_rename_0062
-1.0,-1.0,1676_init_6PQG_1_rename_0018
-1.0,-1.0,1365_init_6PQG_1_rename_0028
-1.0,-1.0,1674_init_6PQG_1_rename_0017
-1.0,-1.0,1667_init_6PQG_1_rename_0063
-1.0,-1.0,1526_init_6PQG_1_rename_0083
-1.0,-1.0,1112_init_6PQG_1_rename_0057
-1.0,-1.0,1754_init_6PQG_1_rename_0006
-1.0,-1.0,1108_init_6PQG_1_rename_0070
-1.0,-1.0,1800_init_6PQG_1_rename_0047
-1.0,-1.0,1104_init_6PQG_1_rename_0068
-1.0,-1.0,1933_init_6PQG_1_rename_0049
-1.0,-1.0,1702_init_6PQG_1_rename_0099
-1.0,-1.0,1885_init_6PQG_1_rename_0087
-1.0,-1.0,1136_init_6PQG_1_rename_0077
-1.0,-1.0,1936_init_6PQG_1_rename_0032
-1.0,-1.0,1148_init_6PQG_1_rename_0069
-1.0,-1.0,2005_init_6PQG_1_rename_0051
-1.0,-1.0,1914_init_6PQG_1_rename_0044
-1.0,-1.0,2069_init_6PQG_1_rename_0081
-1.0,-1.0,1963_init_6PQG_1_rename_0055
-1.0,-1.0,2150_init_6PQG_1_rename_0005
-1.0,-1.0,1144_init_6PQG_1_rename_0065
-1.0,-1.0,1107_init_6PQG_1_rename_0095
-1.0,-1.0,2020_init_6PQG_1_rename_0018
-1.0,-1.0,2021_init_6PQG_1_rename_0028
-1.0,-1.0,1537_init_6PQG_1_rename_0093
-1.0,-1.0,1897_init_6PQG_1_rename_0044
-1.0,-1.0,1705_init_6PQG_1_rename_0087
-1.0,-1.0,1107_init_6PQG_1_rename_0097
-1.0,-1.0,1914_init_6PQG_1_rename_0054
-1.0,-1.0,2272_init_6PQG_1_rename_0051
-1.0,-1.0,2071_init_6PQG_1_rename_0032
-1.0,-1.0,1955_init_6PQG_1_rename_0086
-1.0,-1.0,2244_init_6PQG_1_rename_0029
-1.0,-1.0,2009_init_6PQG_1_rename_0038
-1.0,-1.0,1685_init_6PQG_1_rename_0099
-1.0,-1.0,2162_init_6PQG_1_rename_0020
-1.0,-1.0,2017_init_6PQG_1_rename_0047
-1.0,-1.0,2364_init_6PQG_1_rename_0032
-1.0,-1.0,1621_init_6PQG_1_rename_0095
-1.0,-1.0,2292_init_6PQG_1_rename_0054
-1.0,-1.0,2464_init_6PQG_1_rename_0023
-1.0,-1.0,1106_init_6PQG_1_rename_0081
-1.0,-1.0,2529_init_6PQG_1_rename_0001
-1.0,-1.0,2413_init_6PQG_1_rename_0035
-1.0,-1.0,1085_init_6PQG_1_rename_0085
-1.0,-1.0,2342_init_6PQG_1_rename_0085
-1.0,-1.0,2017_init_6PQG_1_rename_0066
-1.0,-1.0,2461_init_6PQG_1_rename_0027
-1.0,-1.0,2189_init_6PQG_1_rename_0081
-1.0,-1.0,1756_init_6PQG_1_rename_0091
-1.0,-1.0,2491_init_6PQG_1_rename_0057
-1.0,-1.0,2575_init_6PQG_1_rename_0003
-1.0,-1.0,2249_init_6PQG_1_rename_0066
-1.0,-1.0,2170_init_6PQG_1_rename_0042
-1.0,-1.0,2167_init_6PQG_1_rename_0054
-1.0,-1.0,2198_init_6PQG_1_rename_0060
-1.0,-1.0,2230_init_6PQG_1_rename_0075
-1.0,-1.0,1089_init_6PQG_1_rename_0096
-1.0,-1.0,2226_init_6PQG_1_rename_0037
-1.0,-1.0,2179_init_6PQG_1_rename_0091
-1.0,-1.0,1089_init_6PQG_1_rename_0098
-1.0,-1.0,2188_init_6PQG_1_rename_0057
-1.0,-1.0,2247_init_6PQG_1_rename_0074
-1.0,-1.0,2683_init_6PQG_1_rename_0037
-1.0,-1.0,2637_init_6PQG_1_rename_0020
-1.0,-1.0,2205_init_6PQG_1_rename_0061
-1.0,-1.0,2363_init_6PQG_1_rename_0091
-1.0,-1.0,2824_init_6PQG_1_rename_0001
-1.0,-1.0,2559_init_6PQG_1_rename_0061
-1.0,-1.0,2626_init_6PQG_1_rename_0049
-1.0,-1.0,2808_init_6PQG_1_rename_0009
-1.0,-1.0,2527_init_6PQG_1_rename_0037
-1.0,-1.0,2405_init_6PQG_1_rename_0099
-1.0,-1.0,2229_init_6PQG_1_rename_0039
-1.0,-1.0,2769_init_6PQG_1_rename_0085
-1.0,-1.0,2737_init_6PQG_1_rename_0039
-1.0,-1.0,2170_init_6PQG_1_rename_0098
-1.0,-1.0,2651_init_6PQG_1_rename_0098
-1.0,-1.0,2819_init_6PQG_1_rename_0013
-1.0,-1.0,2895_init_6PQG_1_rename_0014
-1.0,-1.0,2792_init_6PQG_1_rename_0055
-1.0,-1.0,2535_init_6PQG_1_rename_0068
-1.0,-1.0,2975_init_6PQG_1_rename_0020
-1.0,-1.0,2166_init_6PQG_1_rename_0084
-1.0,-1.0,2860_init_6PQG_1_rename_0043
-1.0,-1.0,2737_init_6PQG_1_rename_0093
-1.0,-1.0,2704_init_6PQG_1_rename_0083
-1.0,-1.0,2587_init_6PQG_1_rename_0072
-1.0,-1.0,2215_init_6PQG_1_rename_0083
-1.0,-1.0,2231_init_6PQG_1_rename_0053
-1.0,-1.0,2926_init_6PQG_1_rename_0034
-1.0,-1.0,3062_init_6PQG_1_rename_0007
-1.0,-1.0,2190_init_6PQG_1_rename_0088
-1.0,-1.0,2786_init_6PQG_1_rename_0047
-1.0,-1.0,3035_init_6PQG_1_rename_0009
-1.0,-1.0,2801_init_6PQG_1_rename_0048
-1.0,-1.0,3017_init_6PQG_1_rename_0018
-1.0,-1.0,2939_init_6PQG_1_rename_0030
-1.0,-1.0,2897_init_6PQG_1_rename_0043
-1.0,-1.0,2875_init_6PQG_1_rename_0038
-1.0,-1.0,2959_init_6PQG_1_rename_0091
-1.0,-1.0,2572_init_6PQG_1_rename_0078
-1.0,-1.0,3064_init_6PQG_1_rename_0023
-1.0,-1.0,2846_init_6PQG_1_rename_0044
-1.0,-1.0,2907_init_6PQG_1_rename_0038
-1.0,-1.0,2863_init_6PQG_1_rename_0080
-1.0,-1.0,3192_init_6PQG_1_rename_0038
-1.0,-1.0,3159_init_6PQG_1_rename_0035
-1.0,-1.0,3259_init_6PQG_1_rename_0005
-1.0,-1.0,2999_init_6PQG_1_rename_0086
-1.0,-1.0,3077_init_6PQG_1_rename_0019
-1.0,-1.0,3178_init_6PQG_1_rename_0054
-1.0,-1.0,2877_init_6PQG_1_rename_0055
-1.0,-1.0,2229_init_6PQG_1_rename_0075
-1.0,-1.0,3129_init_6PQG_1_rename_0058
-1.0,-1.0,2947_init_6PQG_1_rename_0064
-1.0,-1.0,3109_init_6PQG_1_rename_0034
-1.0,-1.0,3092_init_6PQG_1_rename_0049
-1.0,-1.0,3154_init_6PQG_1_rename_0097
-1.0,-1.0,3306_init_6PQG_1_rename_0010
-1.0,-1.0,3298_init_6PQG_1_rename_0012
-1.0,-1.0,2897_init_6PQG_1_rename_0091
-1.0,-1.0,2823_init_6PQG_1_rename_0094
-1.0,-1.0,3196_init_6PQG_1_rename_0081
-1.0,-1.0,3159_init_6PQG_1_rename_0096
-1.0,-1.0,2958_init_6PQG_1_rename_0092
-1.0,-1.0,3079_init_6PQG_1_rename_0086
-1.0,-1.0,3448_init_6PQG_1_rename_0005
-1.0,-1.0,2797_init_6PQG_1_rename_0075
-1.0,-1.0,3087_init_6PQG_1_rename_0072
-1.0,-1.0,2956_init_6PQG_1_rename_0086
-1.0,-1.0,2911_init_6PQG_1_rename_0084
-1.0,-1.0,2912_init_6PQG_1_rename_0082
-1.0,-1.0,3288_init_6PQG_1_rename_0017
-1.0,-1.0,3349_init_6PQG_1_rename_0079
-1.0,-1.0,3073_init_6PQG_1_rename_0095
-1.0,-1.0,3375_init_6PQG_1_rename_0079
-1.0,-1.0,3325_init_6PQG_1_rename_0072
-1.0,-1.0,3344_init_6PQG_1_rename_0073
-1.0,-1.0,3555_init_6PQG_1_rename_0011
-1.0,-1.0,3429_init_6PQG_1_rename_0055
-1.0,-1.0,3507_init_6PQG_1_rename_0032
-1.0,-1.0,3438_init_6PQG_1_rename_0050
-1.0,-1.0,3268_init_6PQG_1_rename_0029
-1.0,-1.0,3731_init_6PQG_1_rename_0005
-1.0,-1.0,3559_init_6PQG_1_rename_0024
-1.0,-1.0,2894_init_6PQG_1_rename_0098
-1.0,-1.0,3678_init_6PQG_1_rename_0010
-1.0,-1.0,3286_init_6PQG_1_rename_0040
-1.0,-1.0,3521_init_6PQG_1_rename_0031
-1.0,-1.0,3715_init_6PQG_1_rename_0014
-1.0,-1.0,3693_init_6PQG_1_rename_0042
-1.0,-1.0,3529_init_6PQG_1_rename_0036
-1.0,-1.0,3680_init_6PQG_1_rename_0022
-1.0,-1.0,3573_init_6PQG_1_rename_0038
-1.0,-1.0,3267_init_6PQG_1_rename_0074
-1.0,-1.0,3584_init_6PQG_1_rename_0029
-1.0,-1.0,3769_init_6PQG_1_rename_0034
-1.0,-1.0,3271_init_6PQG_1_rename_0032
-1.0,-1.0,3480_init_6PQG_1_rename_0075
-1.0,-1.0,3779_init_6PQG_1_rename_0100
-1.0,-1.0,3602_init_6PQG_1_rename_0052
-1.0,-1.0,3711_init_6PQG_1_rename_0068
-1.0,-1.0,3513_init_6PQG_1_rename_0031
-1.0,-1.0,3558_init_6PQG_1_rename_0027
-1.0,-1.0,3715_init_6PQG_1_rename_0061
-1.0,-1.0,3434_init_6PQG_1_rename_0085
-1.0,-1.0,3794_init_6PQG_1_rename_0040
-1.0,-1.0,3577_init_6PQG_1_rename_0065
-1.0,-1.0,3318_init_6PQG_1_rename_0063
-1.0,-1.0,3668_init_6PQG_1_rename_0037
-1.0,-1.0,3854_init_6PQG_1_rename_0020
-1.0,-1.0,3798_init_6PQG_1_rename_0075
-1.0,-1.0,3304_init_6PQG_1_rename_0090
-1.0,-1.0,3550_init_6PQG_1_rename_0092
-1.0,-1.0,3836_init_6PQG_1_rename_0049
-1.0,-1.0,3077_init_6PQG_1_rename_0090
-1.0,-1.0,3923_init_6PQG_1_rename_0015
-1.0,-1.0,3796_init_6PQG_1_rename_0079
-1.0,-1.0,3656_init_6PQG_1_rename_0038
-1.0,-1.0,3685_init_6PQG_1_rename_0030
-1.0,-1.0,3886_init_6PQG_1_rename_0017
-1.0,-1.0,3796_init_6PQG_1_rename_0089
-1.0,-1.0,3450_init_6PQG_1_rename_0082
-1.0,-1.0,3516_init_6PQG_1_rename_0082
-1.0,-1.0,3266_init_6PQG_1_rename_0080
-1.0,-1.0,3928_init_6PQG_1_rename_0058
-1.0,-1.0,3935_init_6PQG_1_rename_0069
-1.0,-1.0,3856_init_6PQG_1_rename_0052
-1.0,-1.0,3655_init_6PQG_1_rename_0040
-1.0,-1.0,3942_init_6PQG_1_rename_0034
-1.0,-1.0,3866_init_6PQG_1_rename_0042
-1.0,-1.0,3607_init_6PQG_1_rename_0067
-1.0,-1.0,4059_init_6PQG_1_rename_0004
-1.0,-1.0,3832_init_6PQG_1_rename_0075
-1.0,-1.0,3982_init_6PQG_1_rename_0014
-1.0,-1.0,3553_init_6PQG_1_rename_0038
-1.0,-1.0,3675_init_6PQG_1_rename_0044
-1.0,-1.0,3647_init_6PQG_1_rename_0098
-1.0,-1.0,2608_init_6PQG_1_rename_0086
-1.0,-1.0,3660_init_6PQG_1_rename_0094
-1.0,-1.0,3890_init_6PQG_1_rename_0051
-1.0,-1.0,4146_init_6PQG_1_rename_0029
-1.0,-1.0,4204_init_6PQG_1_rename_0005
-1.0,-1.0,3820_init_6PQG_1_rename_0089
-1.0,-1.0,3268_init_6PQG_1_rename_0079
-1.0,-1.0,3865_init_6PQG_1_rename_0048
-1.0,-1.0,3651_init_6PQG_1_rename_0058
-1.0,-1.0,4255_init_6PQG_1_rename_0006
-1.0,-1.0,3942_init_6PQG_1_rename_0080
-1.0,-1.0,3960_init_6PQG_1_rename_0097
-1.0,-1.0,3959_init_6PQG_1_rename_0091
-1.0,-1.0,4364_init_6PQG_1_rename_0007
-1.0,-1.0,4320_init_6PQG_1_rename_0022
-1.0,-1.0,4290_init_6PQG_1_rename_0027
-1.0,-1.0,3256_init_6PQG_1_rename_0083
-1.0,-1.0,4035_init_6PQG_1_rename_0047
-1.0,-1.0,3255_init_6PQG_1_rename_0073
-1.0,-1.0,3241_init_6PQG_1_rename_0100
-1.0,-1.0,4325_init_6PQG_1_rename_0028
-1.0,-1.0,3543_init_6PQG_1_rename_0090
-1.0,-1.0,4366_init_6PQG_1_rename_0012
-1.0,-1.0,4362_init_6PQG_1_rename_0030
-1.0,-1.0,4038_init_6PQG_1_rename_0082
-1.0,-1.0,4034_init_6PQG_1_rename_0099
-1.0,-1.0,4309_init_6PQG_1_rename_0036
-1.0,-1.0,3256_init_6PQG_1_rename_0091
-1.0,-1.0,4348_init_6PQG_1_rename_0025
-1.0,-1.0,3521_init_6PQG_1_rename_0090
-1.0,-1.0,4016_init_6PQG_1_rename_0080
-1.0,-1.0,4501_init_6PQG_1_rename_0018
-1.0,-1.0,3243_init_6PQG_1_rename_0100
-1.0,-1.0,4468_init_6PQG_1_rename_0031
-1.0,-1.0,4476_init_6PQG_1_rename_0021
-1.0,-1.0,4255_init_6PQG_1_rename_0036
-1.0,-1.0,4038_init_6PQG_1_rename_0090
-1.0,-1.0,4441_init_6PQG_1_rename_0066
-1.0,-1.0,4558_init_6PQG_1_rename_0024
-1.0,-1.0,4290_init_6PQG_1_rename_0097
-1.0,-1.0,4024_init_6PQG_1_rename_0072
-1.0,-1.0,4632_init_6PQG_1_rename_0023
-1.0,-1.0,4370_init_6PQG_1_rename_0033
-1.0,-1.0,4303_init_6PQG_1_rename_0060
-1.0,-1.0,4417_init_6PQG_1_rename_0059
-1.0,-1.0,4424_init_6PQG_1_rename_0048
-1.0,-1.0,4484_init_6PQG_1_rename_0039
-1.0,-1.0,4270_init_6PQG_1_rename_0083
-1.0,-1.0,4242_init_6PQG_1_rename_0079
-1.0,-1.0,4679_init_6PQG_1_rename_0008
-1.0,-1.0,4717_init_6PQG_1_rename_0002
-1.0,-1.0,4338_init_6PQG_1_rename_0064
-1.0,-1.0,4270_init_6PQG_1_rename_0095
-1.0,-1.0,4359_init_6PQG_1_rename_0087
-1.0,-1.0,4708_init_6PQG_1_rename_0013
-1.0,-1.0,4321_init_6PQG_1_rename_0057
-1.0,-1.0,4263_init_6PQG_1_rename_0084
-1.0,-1.0,4716_init_6PQG_1_rename_0016
-1.0,-1.0,4744_init_6PQG_1_rename_0014
-1.0,-1.0,4373_init_6PQG_1_rename_0088
-1.0,-1.0,4440_init_6PQG_1_rename_0047
-1.0,-1.0,4816_init_6PQG_1_rename_0009
-1.0,-1.0,4901_init_6PQG_1_rename_0004
-1.0,-1.0,4831_init_6PQG_1_rename_0027
-1.0,-1.0,4365_init_6PQG_1_rename_0091
-1.0,-1.0,4717_init_6PQG_1_rename_0033
-1.0,-1.0,4905_init_6PQG_1_rename_0013
-1.0,-1.0,4379_init_6PQG_1_rename_0052
-1.0,-1.0,4974_init_6PQG_1_rename_0030
-1.0,-1.0,4549_init_6PQG_1_rename_0079
-1.0,-1.0,4717_init_6PQG_1_rename_0058
-1.0,-1.0,4825_init_6PQG_1_rename_0030
-1.0,-1.0,4817_init_6PQG_1_rename_0027
-1.0,-1.0,4865_init_6PQG_1_rename_0013
-1.0,-1.0,4438_init_6PQG_1_rename_0082
-1.0,-1.0,4560_init_6PQG_1_rename_0092
-1.0,-1.0,5051_init_6PQG_1_rename_0007
-1.0,-1.0,5105_init_6PQG_1_rename_0003
-1.0,-1.0,4723_init_6PQG_1_rename_0058
-1.0,-1.0,4734_init_6PQG_1_rename_0057
-1.0,-1.0,5042_init_6PQG_1_rename_0016
-1.0,-1.0,5052_init_6PQG_1_rename_0008
-1.0,-1.0,5094_init_6PQG_1_rename_0019
-1.0,-1.0,4905_init_6PQG_1_rename_0031
-1.0,-1.0,4866_init_6PQG_1_rename_0066
-1.0,-1.0,5210_init_6PQG_1_rename_0002
-1.0,-1.0,4845_init_6PQG_1_rename_0052
-1.0,-1.0,5061_init_6PQG_1_rename_0024
-1.0,-1.0,4802_init_6PQG_1_rename_0076
-1.0,-1.0,5105_init_6PQG_1_rename_0013
-1.0,-1.0,5160_init_6PQG_1_rename_0011
-1.0,-1.0,5106_init_6PQG_1_rename_0017
-1.0,-1.0,5196_init_6PQG_1_rename_0053
-1.0,-1.0,5227_init_6PQG_1_rename_0031
-1.0,-1.0,5231_init_6PQG_1_rename_0015
-1.0,-1.0,5110_init_6PQG_1_rename_0025
-1.0,-1.0,5042_init_6PQG_1_rename_0034
-1.0,-1.0,5296_init_6PQG_1_rename_0030
-1.0,-1.0,5246_init_6PQG_1_rename_0031
-1.0,-1.0,5172_init_6PQG_1_rename_0035
-1.0,-1.0,4877_init_6PQG_1_rename_0071
-1.0,-1.0,4765_init_6PQG_1_rename_0092
-1.0,-1.0,5103_init_6PQG_1_rename_0059
-1.0,-1.0,5172_init_6PQG_1_rename_0039
-1.0,-1.0,5087_init_6PQG_1_rename_0030
-1.0,-1.0,5091_init_6PQG_1_rename_0032
-1.0,-1.0,5330_init_6PQG_1_rename_0019
-1.0,-1.0,5140_init_6PQG_1_rename_0053
-1.0,-1.0,5173_init_6PQG_1_rename_0065
-1.0,-1.0,5145_init_6PQG_1_rename_0054
-1.0,-1.0,5195_init_6PQG_1_rename_0050
-1.0,-1.0,5350_init_6PQG_1_rename_0059
-1.0,-1.0,5115_init_6PQG_1_rename_0027
-1.0,-1.0,5044_init_6PQG_1_rename_0050
-1.0,-1.0,5281_init_6PQG_1_rename_0073
-1.0,-1.0,5341_init_6PQG_1_rename_0081
-1.0,-1.0,5102_init_6PQG_1_rename_0050
-1.0,-1.0,5284_init_6PQG_1_rename_0065
-1.0,-1.0,5226_init_6PQG_1_rename_0054
-1.0,-1.0,5270_init_6PQG_1_rename_0036
-1.0,-1.0,5216_init_6PQG_1_rename_0032
-1.0,-1.0,4806_init_6PQG_1_rename_0090
-1.0,-1.0,5110_init_6PQG_1_rename_0045
-1.0,-1.0,5146_init_6PQG_1_rename_0024
-1.0,-1.0,5494_init_6PQG_1_rename_0002
-1.0,-1.0,4745_init_6PQG_1_rename_0075
-1.0,-1.0,5054_init_6PQG_1_rename_0071
-1.0,-1.0,5055_init_6PQG_1_rename_0067
-1.0,-1.0,5475_init_6PQG_1_rename_0010
-1.0,-1.0,5345_init_6PQG_1_rename_0086
-1.0,-1.0,5540_init_6PQG_1_rename_0011
-1.0,-1.0,5572_init_6PQG_1_rename_0003
-1.0,-1.0,5390_init_6PQG_1_rename_0097
-1.0,-1.0,5046_init_6PQG_1_rename_0081
-1.0,-1.0,4797_init_6PQG_1_rename_0079
-1.0,-1.0,5172_init_6PQG_1_rename_0068
-1.0,-1.0,5224_init_6PQG_1_rename_0085
-1.0,-1.0,5197_init_6PQG_1_rename_0095
-1.0,-1.0,5175_init_6PQG_1_rename_0054
-1.0,-1.0,5164_init_6PQG_1_rename_0084
-1.0,-1.0,5052_init_6PQG_1_rename_0074
-1.0,-1.0,5221_init_6PQG_1_rename_0067
-1.0,-1.0,5464_init_6PQG_1_rename_0058
-1.0,-1.0,5216_init_6PQG_1_rename_0059
-1.0,-1.0,5741_init_6PQG_1_rename_0014
-1.0,-1.0,5661_init_6PQG_1_rename_0077
-1.0,-1.0,5540_init_6PQG_1_rename_0063
-1.0,-1.0,5617_init_6PQG_1_rename_0044
-1.0,-1.0,5486_init_6PQG_1_rename_0059
-1.0,-1.0,5460_init_6PQG_1_rename_0025
-1.0,-1.0,5232_init_6PQG_1_rename_0092
-1.0,-1.0,5534_init_6PQG_1_rename_0054
-1.0,-1.0,5240_init_6PQG_1_rename_0098
-1.0,-1.0,5504_init_6PQG_1_rename_0033
-1.0,-1.0,5669_init_6PQG_1_rename_0082
-1.0,-1.0,5711_init_6PQG_1_rename_0079
-1.0,-1.0,5112_init_6PQG_1_rename_0089
-1.0,-1.0,5643_init_6PQG_1_rename_0065
-1.0,-1.0,5612_init_6PQG_1_rename_0048
-1.0,-1.0,5776_init_6PQG_1_rename_0012
-1.0,-1.0,5802_init_6PQG_1_rename_0010
-1.0,-1.0,5761_init_6PQG_1_rename_0016
-1.0,-1.0,5147_init_6PQG_1_rename_0081
-1.0,-1.0,5739_init_6PQG_1_rename_0035
-1.0,-1.0,5052_init_6PQG_1_rename_0094
-1.0,-1.0,5704_init_6PQG_1_rename_0090
-1.0,-1.0,5428_init_6PQG_1_rename_0057
-1.0,-1.0,5929_init_6PQG_1_rename_0005
-1.0,-1.0,5105_init_6PQG_1_rename_0073
-1.0,-1.0,5045_init_6PQG_1_rename_0073
-1.0,-1.0,5609_init_6PQG_1_rename_0096
-1.0,-1.0,5593_init_6PQG_1_rename_0081
-1.0,-1.0,5565_init_6PQG_1_rename_0054
-1.0,-1.0,5845_init_6PQG_1_rename_0014
-1.0,-1.0,5410_init_6PQG_1_rename_0085
-1.0,-1.0,5446_init_6PQG_1_rename_0090
-1.0,-1.0,5519_init_6PQG_1_rename_0091
-1.0,-1.0,5846_init_6PQG_1_rename_0023
-1.0,-1.0,5045_init_6PQG_1_rename_0078
-1.0,-1.0,5147_init_6PQG_1_rename_0096
-1.0,-1.0,5777_init_6PQG_1_rename_0033
-1.0,-1.0,5595_init_6PQG_1_rename_0067
-1.0,-1.0,5933_init_6PQG_1_rename_0031
-1.0,-1.0,6048_init_6PQG_1_rename_0001
-1.0,-1.0,5534_init_6PQG_1_rename_0086
-1.0,-1.0,5925_init_6PQG_1_rename_0030
-1.0,-1.0,6034_init_6PQG_1_rename_0029
-1.0,-1.0,5876_init_6PQG_1_rename_0021
-1.0,-1.0,6019_init_6PQG_1_rename_0014
-1.0,-1.0,5942_init_6PQG_1_rename_0014
-1.0,-1.0,5472_init_6PQG_1_rename_0061
-1.0,-1.0,5475_init_6PQG_1_rename_0072
-1.0,-1.0,5786_init_6PQG_1_rename_0076
-1.0,-1.0,6052_init_6PQG_1_rename_0013
-1.0,-1.0,5777_init_6PQG_1_rename_0041
-1.0,-1.0,5410_init_6PQG_1_rename_0098
-1.0,-1.0,5545_init_6PQG_1_rename_0089
-1.0,-1.0,5796_init_6PQG_1_rename_0048
-1.0,-1.0,6028_init_6PQG_1_rename_0045
-1.0,-1.0,6042_init_6PQG_1_rename_0053
-1.0,-1.0,5792_init_6PQG_1_rename_0035
-1.0,-1.0,5880_init_6PQG_1_rename_0042
-1.0,-1.0,6021_init_6PQG_1_rename_0063
-1.0,-1.0,5640_init_6PQG_1_rename_0089
-1.0,-1.0,5797_init_6PQG_1_rename_0047
-1.0,-1.0,5922_init_6PQG_1_rename_0070
-1.0,-1.0,6021_init_6PQG_1_rename_0077
-1.0,-1.0,5788_init_6PQG_1_rename_0072
-1.0,-1.0,6194_init_6PQG_1_rename_0001
-1.0,-1.0,6142_init_6PQG_1_rename_0006
-1.0,-1.0,5829_init_6PQG_1_rename_0033
-1.0,-1.0,5958_init_6PQG_1_rename_0062
-1.0,-1.0,5949_init_6PQG_1_rename_0071
-1.0,-1.0,5470_init_6PQG_1_rename_0095
-1.0,-1.0,6310_init_6PQG_1_rename_0007
-1.0,-1.0,6193_init_6PQG_1_rename_0022
-1.0,-1.0,6304_init_6PQG_1_rename_0025
-1.0,-1.0,6337_init_6PQG_1_rename_0006
-1.0,-1.0,6175_init_6PQG_1_rename_0030
-1.0,-1.0,5954_init_6PQG_1_rename_0082
-1.0,-1.0,6263_init_6PQG_1_rename_0012
-1.0,-1.0,6286_init_6PQG_1_rename_0025
-1.0,-1.0,5978_init_6PQG_1_rename_0095
-1.0,-1.0,5517_init_6PQG_1_rename_0098
-1.0,-1.0,6382_init_6PQG_1_rename_0012
-1.0,-1.0,5941_init_6PQG_1_rename_0100
-1.0,-1.0,5880_init_6PQG_1_rename_0082
-1.0,-1.0,6195_init_6PQG_1_rename_0035
-1.0,-1.0,6194_init_6PQG_1_rename_0037
-1.0,-1.0,6378_init_6PQG_1_rename_0050
-1.0,-1.0,5533_init_6PQG_1_rename_0099
-1.0,-1.0,6352_init_6PQG_1_rename_0031
-1.0,-1.0,5876_init_6PQG_1_rename_0085
-1.0,-1.0,6543_init_6PQG_1_rename_0003
-1.0,-1.0,6254_init_6PQG_1_rename_0056
-1.0,-1.0,5992_init_6PQG_1_rename_0083
-1.0,-1.0,6514_init_6PQG_1_rename_0018
-1.0,-1.0,6146_init_6PQG_1_rename_0054
-1.0,-1.0,6241_init_6PQG_1_rename_0040
-1.0,-1.0,6229_init_6PQG_1_rename_0067
-1.0,-1.0,6134_init_6PQG_1_rename_0066
-1.0,-1.0,6157_init_6PQG_1_rename_0085
-1.0,-1.0,6244_init_6PQG_1_rename_0050
-1.0,-1.0,6295_init_6PQG_1_rename_0067
-1.0,-1.0,6340_init_6PQG_1_rename_0053
-1.0,-1.0,6537_init_6PQG_1_rename_0023
-1.0,-1.0,6739_init_6PQG_1_rename_0005
-1.0,-1.0,6769_init_6PQG_1_rename_0008
-1.0,-1.0,6657_init_6PQG_1_rename_0034
-1.0,-1.0,6778_init_6PQG_1_rename_0008
-1.0,-1.0,6790_init_6PQG_1_rename_0023
-1.0,-1.0,6849_init_6PQG_1_rename_0009
-1.0,-1.0,6173_init_6PQG_1_rename_0088
-1.0,-1.0,6142_init_6PQG_1_rename_0071
-1.0,-1.0,6495_init_6PQG_1_rename_0067
-1.0,-1.0,6709_init_6PQG_1_rename_0057
-1.0,-1.0,6868_init_6PQG_1_rename_0017
-1.0,-1.0,6762_init_6PQG_1_rename_0070
-1.0,-1.0,6773_init_6PQG_1_rename_0060
-1.0,-1.0,6768_init_6PQG_1_rename_0078
-1.0,-1.0,6764_init_6PQG_1_rename_0082
-1.0,-1.0,6934_init_6PQG_1_rename_0005
-1.0,-1.0,6961_init_6PQG_1_rename_0004
-1.0,-1.0,6962_init_6PQG_1_rename_0022
-1.0,-1.0,7020_init_6PQG_1_rename_0016
-1.0,-1.0,6929_init_6PQG_1_rename_0032
-1.0,-1.0,6838_init_6PQG_1_rename_0074
-1.0,-1.0,6763_init_6PQG_1_rename_0066
-1.0,-1.0,6941_init_6PQG_1_rename_0024
-1.0,-1.0,6969_init_6PQG_1_rename_0014
-1.0,-1.0,6943_init_6PQG_1_rename_0027
-1.0,-1.0,7053_init_6PQG_1_rename_0034
-1.0,-1.0,7072_init_6PQG_1_rename_0011
-1.0,-1.0,6988_init_6PQG_1_rename_0056
-1.0,-1.0,6717_init_6PQG_1_rename_0098
-1.0,-1.0,7125_init_6PQG_1_rename_0023
-1.0,-1.0,7156_init_6PQG_1_rename_0014
-1.0,-1.0,6909_init_6PQG_1_rename_0071
-1.0,-1.0,6817_init_6PQG_1_rename_0068
-1.0,-1.0,7082_init_6PQG_1_rename_0078
-1.0,-1.0,7280_init_6PQG_1_rename_0026
-1.0,-1.0,6961_init_6PQG_1_rename_0038
-1.0,-1.0,6957_init_6PQG_1_rename_0073
-1.0,-1.0,7188_init_6PQG_1_rename_0031
-1.0,-1.0,7065_init_6PQG_1_rename_0072
-1.0,-1.0,6937_init_6PQG_1_rename_0036
-1.0,-1.0,7125_init_6PQG_1_rename_0067
-1.0,-1.0,7311_init_6PQG_1_rename_0017
-1.0,-1.0,7142_init_6PQG_1_rename_0058
-1.0,-1.0,7168_init_6PQG_1_rename_0062
-1.0,-1.0,7187_init_6PQG_1_rename_0032
-1.0,-1.0,7172_init_6PQG_1_rename_0060
-1.0,-1.0,7214_init_6PQG_1_rename_0070
-1.0,-1.0,7089_init_6PQG_1_rename_0077
-1.0,-1.0,7436_init_6PQG_1_rename_0026
-1.0,-1.0,6965_init_6PQG_1_rename_0047
-1.0,-1.0,6952_init_6PQG_1_rename_0069
-1.0,-1.0,7117_init_6PQG_1_rename_0082
-1.0,-1.0,7146_init_6PQG_1_rename_0087
-1.0,-1.0,7293_init_6PQG_1_rename_0041
-1.0,-1.0,7412_init_6PQG_1_rename_0029
-1.0,-1.0,7526_init_6PQG_1_rename_0007
-1.0,-1.0,7110_init_6PQG_1_rename_0093
-1.0,-1.0,7521_init_6PQG_1_rename_0015
-1.0,-1.0,7508_init_6PQG_1_rename_0027
-1.0,-1.0,6937_init_6PQG_1_rename_0062
-1.0,-1.0,6940_init_6PQG_1_rename_0088
-1.0,-1.0,6965_init_6PQG_1_rename_0060
-1.0,-1.0,7674_init_6PQG_1_rename_0005
-1.0,-1.0,7642_init_6PQG_1_rename_0016
-1.0,-1.0,6961_init_6PQG_1_rename_0063
-1.0,-1.0,7785_init_6PQG_1_rename_0004
-1.0,-1.0,7196_init_6PQG_1_rename_0098
-1.0,-1.0,7546_init_6PQG_1_rename_0030
-1.0,-1.0,7711_init_6PQG_1_rename_0012
-1.0,-1.0,7767_init_6PQG_1_rename_0019
-1.0,-1.0,7879_init_6PQG_1_rename_0001
-1.0,-1.0,7333_init_6PQG_1_rename_0064
-1.0,-1.0,7702_init_6PQG_1_rename_0036
-1.0,-1.0,7779_init_6PQG_1_rename_0072
-1.0,-1.0,7512_init_6PQG_1_rename_0082
-1.0,-1.0,7641_init_6PQG_1_rename_0076
-1.0,-1.0,7915_init_6PQG_1_rename_0010
-1.0,-1.0,7835_init_6PQG_1_rename_0040
-1.0,-1.0,7523_init_6PQG_1_rename_0090
-1.0,-1.0,7914_init_6PQG_1_rename_0018
-1.0,-1.0,7912_init_6PQG_1_rename_0018
-1.0,-1.0,8044_init_6PQG_1_rename_0034
-1.0,-1.0,8066_init_6PQG_1_rename_0036
-1.0,-1.0,7914_init_6PQG_1_rename_0046
-1.0,-1.0,7333_init_6PQG_1_rename_0100
-1.0,-1.0,8134_init_6PQG_1_rename_0089
-1.0,-1.0,8050_init_6PQG_1_rename_0066
-1.0,-1.0,8006_init_6PQG_1_rename_0051
-1.0,-1.0,7885_init_6PQG_1_rename_0081
-1.0,-1.0,8021_init_6PQG_1_rename_0046
-1.0,-1.0,8166_init_6PQG_1_rename_0028
-1.0,-1.0,8017_init_6PQG_1_rename_0023
-1.0,-1.0,8152_init_6PQG_1_rename_0075
-1.0,-1.0,7993_init_6PQG_1_rename_0051
-1.0,-1.0,7767_init_6PQG_1_rename_0091
-1.0,-1.0,7854_init_6PQG_1_rename_0065
-1.0,-1.0,8517_init_6PQG_1_rename_0001
-1.0,-1.0,7759_init_6PQG_1_rename_0067
-1.0,-1.0,8210_init_6PQG_1_rename_0074
-1.0,-1.0,8465_init_6PQG_1_rename_0031
-1.0,-1.0,8504_init_6PQG_1_rename_0012
-1.0,-1.0,8558_init_6PQG_1_rename_0052
-1.0,-1.0,7904_init_6PQG_1_rename_0057
-1.0,-1.0,7857_init_6PQG_1_rename_0097
-1.0,-1.0,8294_init_6PQG_1_rename_0050
-1.0,-1.0,7759_init_6PQG_1_rename_0079
-1.0,-1.0,8560_init_6PQG_1_rename_0049
-1.0,-1.0,8638_init_6PQG_1_rename_0066
-1.0,-1.0,7908_init_6PQG_1_rename_0095
-1.0,-1.0,8600_init_6PQG_1_rename_0039
-1.0,-1.0,8017_init_6PQG_1_rename_0077
-1.0,-1.0,8619_init_6PQG_1_rename_0078
-1.0,-1.0,8017_init_6PQG_1_rename_0082
-1.0,-1.0,8533_init_6PQG_1_rename_0051
-1.0,-1.0,8540_init_6PQG_1_rename_0081
-1.0,-1.0,11_run1_6PQG_1_rename_0047
-1.0,-1.0,23_run1_6PQG_1_rename_0002
-1.0,-1.0,11_run1_6PQG_1_rename_0324
-1.0,-1.0,45_run1_6PQG_1_rename_0070
-1.0,-1.0,15_run1_6PQG_1_rename_0106
-1.0,-1.0,400_run1_6PQG_1_rename_0006
-1.0,-1.0,42_run1_6PQG_1_rename_0394
-1.0,-1.0,88_run1_6PQG_1_rename_0182
-1.0,-1.0,149_run1_6PQG_1_rename_0013
-1.0,-1.0,185_run1_6PQG_1_rename_0021
-1.0,-1.0,204_run1_6PQG_1_rename_0049
-1.0,-1.0,216_run1_6PQG_1_rename_0013
-1.0,-1.0,189_run1_6PQG_1_rename_0065
-1.0,-1.0,209_run1_6PQG_1_rename_0132
-1.0,-1.0,141_run1_6PQG_1_rename_0239
-1.0,-1.0,223_run1_6PQG_1_rename_0294
-1.0,-1.0,144_run1_6PQG_1_rename_0206
-1.0,-1.0,248_run1_6PQG_1_rename_0041
-1.0,-1.0,266_run1_6PQG_1_rename_0027
-1.0,-1.0,124_run1_6PQG_1_rename_0210
-1.0,-1.0,125_run1_6PQG_1_rename_0217
-1.0,-1.0,125_run1_6PQG_1_rename_0218
-1.0,-1.0,244_run1_6PQG_1_rename_0042
-1.0,-1.0,125_run1_6PQG_1_rename_0230
-1.0,-1.0,246_run1_6PQG_1_rename_0079
-1.0,-1.0,144_run1_6PQG_1_rename_0306
-1.0,-1.0,287_run1_6PQG_1_rename_0042
-1.0,-1.0,269_run1_6PQG_1_rename_0068
-1.0,-1.0,245_run1_6PQG_1_rename_0113
-1.0,-1.0,272_run1_6PQG_1_rename_0124
-1.0,-1.0,231_run1_6PQG_1_rename_0314
-1.0,-1.0,211_run1_6PQG_1_rename_0316
-1.0,-1.0,300_run1_6PQG_1_rename_0065
-1.0,-1.0,250_run1_6PQG_1_rename_0109
-1.0,-1.0,253_run1_6PQG_1_rename_0157
-1.0,-1.0,185_run1_6PQG_1_rename_0181
-1.0,-1.0,285_run1_6PQG_1_rename_0069
-1.0,-1.0,155_run1_6PQG_1_rename_0398
-1.0,-1.0,125_run1_6PQG_1_rename_0328
-1.0,-1.0,222_run1_6PQG_1_rename_0392
-1.0,-1.0,314_run1_6PQG_1_rename_0040
-1.0,-1.0,309_run1_6PQG_1_rename_0069
-1.0,-1.0,247_run1_6PQG_1_rename_0291
-1.0,-1.0,337_run1_6PQG_1_rename_0146
-1.0,-1.0,265_run1_6PQG_1_rename_0283
-1.0,-1.0,242_run1_6PQG_1_rename_0280
-1.0,-1.0,363_run1_6PQG_1_rename_0028
-1.0,-1.0,368_run1_6PQG_1_rename_0025
-1.0,-1.0,369_run1_6PQG_1_rename_0024
-1.0,-1.0,309_run1_6PQG_1_rename_0102
-1.0,-1.0,344_run1_6PQG_1_rename_0213
-1.0,-1.0,369_run1_6PQG_1_rename_0040
-1.0,-1.0,185_run1_6PQG_1_rename_0311
-1.0,-1.0,336_run1_6PQG_1_rename_0195
-1.0,-1.0,378_run1_6PQG_1_rename_0037
-1.0,-1.0,243_run1_6PQG_1_rename_0298
-1.0,-1.0,280_run1_6PQG_1_rename_0384
-1.0,-1.0,378_run1_6PQG_1_rename_0056
-1.0,-1.0,355_run1_6PQG_1_rename_0190
-1.0,-1.0,312_run1_6PQG_1_rename_0197
-1.0,-1.0,370_run1_6PQG_1_rename_0085
-1.0,-1.0,304_run1_6PQG_1_rename_0157
-1.0,-1.0,366_run1_6PQG_1_rename_0101
-1.0,-1.0,370_run1_6PQG_1_rename_0089
-1.0,-1.0,319_run1_6PQG_1_rename_0180
-1.0,-1.0,371_run1_6PQG_1_rename_0147
-1.0,-1.0,323_run1_6PQG_1_rename_0264
-1.0,-1.0,250_run1_6PQG_1_rename_0266
-1.0,-1.0,364_run1_6PQG_1_rename_0128
-1.0,-1.0,318_run1_6PQG_1_rename_0364
-1.0,-1.0,376_run1_6PQG_1_rename_0122
-1.0,-1.0,248_run1_6PQG_1_rename_0387
-1.0,-1.0,342_run1_6PQG_1_rename_0303
-1.0,-1.0,269_run1_6PQG_1_rename_0321
-1.0,-1.0,339_run1_6PQG_1_rename_0240
-1.0,-1.0,296_run1_6PQG_1_rename_0349
-1.0,-1.0,264_run1_6PQG_1_rename_0378
-1.0,-1.0,300_run1_6PQG_1_rename_0370
-1.0,-1.0,418_run1_6PQG_1_rename_0019
-1.0,-1.0,264_run1_6PQG_1_rename_0389
-1.0,-1.0,279_run1_6PQG_1_rename_0287
-1.0,-1.0,334_run1_6PQG_1_rename_0347
-1.0,-1.0,335_run1_6PQG_1_rename_0254
-1.0,-1.0,281_run1_6PQG_1_rename_0365
-1.0,-1.0,309_run1_6PQG_1_rename_0188
-1.0,-1.0,386_run1_6PQG_1_rename_0080
-1.0,-1.0,390_run1_6PQG_1_rename_0198
-1.0,-1.0,385_run1_6PQG_1_rename_0105
-1.0,-1.0,244_run1_6PQG_1_rename_0267
-1.0,-1.0,303_run1_6PQG_1_rename_0249
-1.0,-1.0,401_run1_6PQG_1_rename_0248
-1.0,-1.0,451_run1_6PQG_1_rename_0044
-1.0,-1.0,375_run1_6PQG_1_rename_0250
-1.0,-1.0,453_run1_6PQG_1_rename_0052
-1.0,-1.0,485_run1_6PQG_1_rename_0031
-1.0,-1.0,496_run1_6PQG_1_rename_0039
-1.0,-1.0,473_run1_6PQG_1_rename_0093
-1.0,-1.0,385_run1_6PQG_1_rename_0173
-1.0,-1.0,462_run1_6PQG_1_rename_0099
-1.0,-1.0,324_run1_6PQG_1_rename_0311
-1.0,-1.0,395_run1_6PQG_1_rename_0296
-1.0,-1.0,375_run1_6PQG_1_rename_0285
-1.0,-1.0,479_run1_6PQG_1_rename_0035
-1.0,-1.0,388_run1_6PQG_1_rename_0309
-1.0,-1.0,384_run1_6PQG_1_rename_0282
-1.0,-1.0,387_run1_6PQG_1_rename_0270
-1.0,-1.0,448_run1_6PQG_1_rename_0185
-1.0,-1.0,433_run1_6PQG_1_rename_0201
-1.0,-1.0,477_run1_6PQG_1_rename_0072
-1.0,-1.0,415_run1_6PQG_1_rename_0180
-1.0,-1.0,500_run1_6PQG_1_rename_0090
-1.0,-1.0,391_run1_6PQG_1_rename_0177
-1.0,-1.0,361_run1_6PQG_1_rename_0335
-1.0,-1.0,375_run1_6PQG_1_rename_0339
-1.0,-1.0,370_run1_6PQG_1_rename_0373
-1.0,-1.0,477_run1_6PQG_1_rename_0082
-1.0,-1.0,476_run1_6PQG_1_rename_0082
-1.0,-1.0,393_run1_6PQG_1_rename_0325
-1.0,-1.0,496_run1_6PQG_1_rename_0357
-1.0,-1.0,403_run1_6PQG_1_rename_0197
-1.0,-1.0,497_run1_6PQG_1_rename_0122
-1.0,-1.0,484_run1_6PQG_1_rename_0166
-1.0,-1.0,362_run1_6PQG_1_rename_0374
-1.0,-1.0,386_run1_6PQG_1_rename_0167
-1.0,-1.0,440_run1_6PQG_1_rename_0285
-1.0,-1.0,409_run1_6PQG_1_rename_0377
-1.0,-1.0,376_run1_6PQG_1_rename_0386
-1.0,-1.0,562_run1_6PQG_1_rename_0022
-1.0,-1.0,497_run1_6PQG_1_rename_0152
-1.0,-1.0,485_run1_6PQG_1_rename_0158
-1.0,-1.0,519_run1_6PQG_1_rename_0184
-1.0,-1.0,485_run1_6PQG_1_rename_0182
-1.0,-1.0,572_run1_6PQG_1_rename_0024
-1.0,-1.0,565_run1_6PQG_1_rename_0068
-1.0,-1.0,572_run1_6PQG_1_rename_0040
-1.0,-1.0,416_run1_6PQG_1_rename_0317
-1.0,-1.0,483_run1_6PQG_1_rename_0358
-1.0,-1.0,414_run1_6PQG_1_rename_0361
-1.0,-1.0,513_run1_6PQG_1_rename_0246
-1.0,-1.0,476_run1_6PQG_1_rename_0159
-1.0,-1.0,591_run1_6PQG_1_rename_0100
-1.0,-1.0,608_run1_6PQG_1_rename_0051
-1.0,-1.0,497_run1_6PQG_1_rename_0262
-1.0,-1.0,445_run1_6PQG_1_rename_0272
-1.0,-1.0,448_run1_6PQG_1_rename_0342
-1.0,-1.0,657_run1_6PQG_1_rename_0017
-1.0,-1.0,389_run1_6PQG_1_rename_0383
-1.0,-1.0,404_run1_6PQG_1_rename_0308
-1.0,-1.0,434_run1_6PQG_1_rename_0316
-1.0,-1.0,615_run1_6PQG_1_rename_0071
-1.0,-1.0,400_run1_6PQG_1_rename_0335
-1.0,-1.0,598_run1_6PQG_1_rename_0092
-1.0,-1.0,476_run1_6PQG_1_rename_0217
-1.0,-1.0,416_run1_6PQG_1_rename_0388
-1.0,-1.0,608_run1_6PQG_1_rename_0121
-1.0,-1.0,415_run1_6PQG_1_rename_0350
-1.0,-1.0,403_run1_6PQG_1_rename_0336
-1.0,-1.0,694_run1_6PQG_1_rename_0019
-1.0,-1.0,644_run1_6PQG_1_rename_0055
-1.0,-1.0,654_run1_6PQG_1_rename_0079
-1.0,-1.0,419_run1_6PQG_1_rename_0355
-1.0,-1.0,364_run1_6PQG_1_rename_0392
-1.0,-1.0,585_run1_6PQG_1_rename_0115
-1.0,-1.0,364_run1_6PQG_1_rename_0394
-1.0,-1.0,611_run1_6PQG_1_rename_0233
-1.0,-1.0,485_run1_6PQG_1_rename_0386
-1.0,-1.0,598_run1_6PQG_1_rename_0154
-1.0,-1.0,465_run1_6PQG_1_rename_0188
-1.0,-1.0,688_run1_6PQG_1_rename_0073
-1.0,-1.0,663_run1_6PQG_1_rename_0117
-1.0,-1.0,451_run1_6PQG_1_rename_0385
-1.0,-1.0,625_run1_6PQG_1_rename_0106
-1.0,-1.0,634_run1_6PQG_1_rename_0181
-1.0,-1.0,478_run1_6PQG_1_rename_0344
-1.0,-1.0,688_run1_6PQG_1_rename_0090
-1.0,-1.0,604_run1_6PQG_1_rename_0152
-1.0,-1.0,625_run1_6PQG_1_rename_0109
-1.0,-1.0,616_run1_6PQG_1_rename_0209
-1.0,-1.0,767_run1_6PQG_1_rename_0003
-1.0,-1.0,722_run1_6PQG_1_rename_0082
-1.0,-1.0,595_run1_6PQG_1_rename_0366
-1.0,-1.0,725_run1_6PQG_1_rename_0052
-1.0,-1.0,630_run1_6PQG_1_rename_0193
-1.0,-1.0,643_run1_6PQG_1_rename_0106
-1.0,-1.0,453_run1_6PQG_1_rename_0293
-1.0,-1.0,447_run1_6PQG_1_rename_0373
-1.0,-1.0,660_run1_6PQG_1_rename_0181
-1.0,-1.0,764_run1_6PQG_1_rename_0055
-1.0,-1.0,452_run1_6PQG_1_rename_0370
-1.0,-1.0,784_run1_6PQG_1_rename_0013
-1.0,-1.0,694_run1_6PQG_1_rename_0130
-1.0,-1.0,703_run1_6PQG_1_rename_0103
-1.0,-1.0,477_run1_6PQG_1_rename_0315
-1.0,-1.0,644_run1_6PQG_1_rename_0140
-1.0,-1.0,780_run1_6PQG_1_rename_0022
-1.0,-1.0,679_run1_6PQG_1_rename_0247
-1.0,-1.0,665_run1_6PQG_1_rename_0245
-1.0,-1.0,605_run1_6PQG_1_rename_0399
-1.0,-1.0,691_run1_6PQG_1_rename_0113
-1.0,-1.0,724_run1_6PQG_1_rename_0089
-1.0,-1.0,799_run1_6PQG_1_rename_0002
-1.0,-1.0,744_run1_6PQG_1_rename_0101
-1.0,-1.0,726_run1_6PQG_1_rename_0115
-1.0,-1.0,627_run1_6PQG_1_rename_0287
-1.0,-1.0,725_run1_6PQG_1_rename_0104
-1.0,-1.0,726_run1_6PQG_1_rename_0118
-1.0,-1.0,715_run1_6PQG_1_rename_0088
-1.0,-1.0,734_run1_6PQG_1_rename_0140
-1.0,-1.0,630_run1_6PQG_1_rename_0281
-1.0,-1.0,765_run1_6PQG_1_rename_0123
-1.0,-1.0,668_run1_6PQG_1_rename_0337
-1.0,-1.0,742_run1_6PQG_1_rename_0144
-1.0,-1.0,453_run1_6PQG_1_rename_0383
-1.0,-1.0,736_run1_6PQG_1_rename_0119
-1.0,-1.0,783_run1_6PQG_1_rename_0123
-1.0,-1.0,622_run1_6PQG_1_rename_0340
-1.0,-1.0,802_run1_6PQG_1_rename_0079
-1.0,-1.0,792_run1_6PQG_1_rename_0154
-1.0,-1.0,762_run1_6PQG_1_rename_0168
-1.0,-1.0,747_run1_6PQG_1_rename_0184
-1.0,-1.0,627_run1_6PQG_1_rename_0381
-1.0,-1.0,737_run1_6PQG_1_rename_0180
-1.0,-1.0,463_run1_6PQG_1_rename_0315
-1.0,-1.0,704_run1_6PQG_1_rename_0182
-1.0,-1.0,811_run1_6PQG_1_rename_0188
-1.0,-1.0,614_run1_6PQG_1_rename_0396
-1.0,-1.0,615_run1_6PQG_1_rename_0399
-1.0,-1.0,749_run1_6PQG_1_rename_0273
-1.0,-1.0,725_run1_6PQG_1_rename_0199
-1.0,-1.0,761_run1_6PQG_1_rename_0317
-1.0,-1.0,583_run1_6PQG_1_rename_0396
-1.0,-1.0,771_run1_6PQG_1_rename_0243
-1.0,-1.0,744_run1_6PQG_1_rename_0256
-1.0,-1.0,805_run1_6PQG_1_rename_0165
-1.0,-1.0,784_run1_6PQG_1_rename_0318
-1.0,-1.0,747_run1_6PQG_1_rename_0237
-1.0,-1.0,745_run1_6PQG_1_rename_0171
-1.0,-1.0,783_run1_6PQG_1_rename_0244
-1.0,-1.0,704_run1_6PQG_1_rename_0228
-1.0,-1.0,737_run1_6PQG_1_rename_0235
-1.0,-1.0,957_run1_6PQG_1_rename_0005
-1.0,-1.0,645_run1_6PQG_1_rename_0323
-1.0,-1.0,975_run1_6PQG_1_rename_0044
-1.0,-1.0,902_run1_6PQG_1_rename_0191
-1.0,-1.0,625_run1_6PQG_1_rename_0296
-1.0,-1.0,689_run1_6PQG_1_rename_0394
-1.0,-1.0,727_run1_6PQG_1_rename_0345
-1.0,-1.0,983_run1_6PQG_1_rename_0023
-1.0,-1.0,692_run1_6PQG_1_rename_0223
-1.0,-1.0,802_run1_6PQG_1_rename_0326
-1.0,-1.0,981_run1_6PQG_1_rename_0055
-1.0,-1.0,777_run1_6PQG_1_rename_0302
-1.0,-1.0,645_run1_6PQG_1_rename_0332
-1.0,-1.0,891_run1_6PQG_1_rename_0196
-1.0,-1.0,656_run1_6PQG_1_rename_0324
-1.0,-1.0,785_run1_6PQG_1_rename_0178
-1.0,-1.0,880_run1_6PQG_1_rename_0176
-1.0,-1.0,764_run1_6PQG_1_rename_0374
-1.0,-1.0,962_run1_6PQG_1_rename_0135
-1.0,-1.0,775_run1_6PQG_1_rename_0390
-1.0,-1.0,988_run1_6PQG_1_rename_0162
-1.0,-1.0,1025_run1_6PQG_1_rename_0088
-1.0,-1.0,1029_run1_6PQG_1_rename_0114
-1.0,-1.0,799_run1_6PQG_1_rename_0256
-1.0,-1.0,1010_run1_6PQG_1_rename_0060
-1.0,-1.0,800_run1_6PQG_1_rename_0203
-1.0,-1.0,1071_run1_6PQG_1_rename_0028
-1.0,-1.0,974_run1_6PQG_1_rename_0175
-1.0,-1.0,965_run1_6PQG_1_rename_0094
-1.0,-1.0,941_run1_6PQG_1_rename_0276
-1.0,-1.0,785_run1_6PQG_1_rename_0220
-1.0,-1.0,816_run1_6PQG_1_rename_0291
-1.0,-1.0,745_run1_6PQG_1_rename_0244
-1.0,-1.0,703_run1_6PQG_1_rename_0375
-1.0,-1.0,1035_run1_6PQG_1_rename_0116
-1.0,-1.0,1089_run1_6PQG_1_rename_0014
-1.0,-1.0,1102_run1_6PQG_1_rename_0015
-1.0,-1.0,1105_run1_6PQG_1_rename_0005
-1.0,-1.0,781_run1_6PQG_1_rename_0385
-1.0,-1.0,1058_run1_6PQG_1_rename_0083
-1.0,-1.0,1022_run1_6PQG_1_rename_0209
-1.0,-1.0,956_run1_6PQG_1_rename_0345
-1.0,-1.0,1024_run1_6PQG_1_rename_0177
-1.0,-1.0,805_run1_6PQG_1_rename_0336
-1.0,-1.0,982_run1_6PQG_1_rename_0134
-1.0,-1.0,735_run1_6PQG_1_rename_0350
-1.0,-1.0,882_run1_6PQG_1_rename_0394
-1.0,-1.0,1130_run1_6PQG_1_rename_0017
-1.0,-1.0,1140_run1_6PQG_1_rename_0026
-1.0,-1.0,1115_run1_6PQG_1_rename_0034
-1.0,-1.0,1142_run1_6PQG_1_rename_0021
-1.0,-1.0,625_run1_6PQG_1_rename_0372
-1.0,-1.0,1139_run1_6PQG_1_rename_0026
-1.0,-1.0,1152_run1_6PQG_1_rename_0011
-1.0,-1.0,1148_run1_6PQG_1_rename_0015
-1.0,-1.0,725_run1_6PQG_1_rename_0313
-1.0,-1.0,1103_run1_6PQG_1_rename_0075
-1.0,-1.0,724_run1_6PQG_1_rename_0362
-1.0,-1.0,1126_run1_6PQG_1_rename_0026
-1.0,-1.0,1112_run1_6PQG_1_rename_0026
-1.0,-1.0,1173_run1_6PQG_1_rename_0022
-1.0,-1.0,965_run1_6PQG_1_rename_0177
-1.0,-1.0,1127_run1_6PQG_1_rename_0030
-1.0,-1.0,1217_run1_6PQG_1_rename_0010
-1.0,-1.0,1092_run1_6PQG_1_rename_0034
-1.0,-1.0,1145_run1_6PQG_1_rename_0054
-1.0,-1.0,1137_run1_6PQG_1_rename_0057
-1.0,-1.0,997_run1_6PQG_1_rename_0283
-1.0,-1.0,785_run1_6PQG_1_rename_0280
-1.0,-1.0,1090_run1_6PQG_1_rename_0059
-1.0,-1.0,1228_run1_6PQG_1_rename_0038
-1.0,-1.0,1123_run1_6PQG_1_rename_0076
-1.0,-1.0,1169_run1_6PQG_1_rename_0073
-1.0,-1.0,724_run1_6PQG_1_rename_0397
-1.0,-1.0,692_run1_6PQG_1_rename_0322
-1.0,-1.0,1114_run1_6PQG_1_rename_0084
-1.0,-1.0,961_run1_6PQG_1_rename_0212
-1.0,-1.0,737_run1_6PQG_1_rename_0372
-1.0,-1.0,1085_run1_6PQG_1_rename_0073
-1.0,-1.0,1096_run1_6PQG_1_rename_0100
-1.0,-1.0,720_run1_6PQG_1_rename_0375
-1.0,-1.0,745_run1_6PQG_1_rename_0310
-1.0,-1.0,1159_run1_6PQG_1_rename_0114
-1.0,-1.0,1245_run1_6PQG_1_rename_0074
-1.0,-1.0,1091_run1_6PQG_1_rename_0077
-1.0,-1.0,1153_run1_6PQG_1_rename_0143
-1.0,-1.0,1268_run1_6PQG_1_rename_0053
-1.0,-1.0,965_run1_6PQG_1_rename_0286
-1.0,-1.0,1287_run1_6PQG_1_rename_0045
-1.0,-1.0,1231_run1_6PQG_1_rename_0100
-1.0,-1.0,737_run1_6PQG_1_rename_0386
-1.0,-1.0,1149_run1_6PQG_1_rename_0087
-1.0,-1.0,1228_run1_6PQG_1_rename_0119
-1.0,-1.0,1400_run1_6PQG_1_rename_0137
-1.0,-1.0,1086_run1_6PQG_1_rename_0154
-1.0,-1.0,1308_run1_6PQG_1_rename_0026
-1.0,-1.0,1104_run1_6PQG_1_rename_0149
-1.0,-1.0,1307_run1_6PQG_1_rename_0042
-1.0,-1.0,982_run1_6PQG_1_rename_0323
-1.0,-1.0,1337_run1_6PQG_1_rename_0035
-1.0,-1.0,1097_run1_6PQG_1_rename_0220
-1.0,-1.0,1116_run1_6PQG_1_rename_0152
-1.0,-1.0,1092_run1_6PQG_1_rename_0067
-1.0,-1.0,1199_run1_6PQG_1_rename_0180
-1.0,-1.0,1090_run1_6PQG_1_rename_0103
-1.0,-1.0,987_run1_6PQG_1_rename_0301
-1.0,-1.0,1156_run1_6PQG_1_rename_0118
-1.0,-1.0,1331_run1_6PQG_1_rename_0026
-1.0,-1.0,1345_run1_6PQG_1_rename_0030
-1.0,-1.0,1085_run1_6PQG_1_rename_0106
-1.0,-1.0,1225_run1_6PQG_1_rename_0344
-1.0,-1.0,1114_run1_6PQG_1_rename_0131
-1.0,-1.0,1113_run1_6PQG_1_rename_0154
-1.0,-1.0,1122_run1_6PQG_1_rename_0185
-1.0,-1.0,1110_run1_6PQG_1_rename_0096
-1.0,-1.0,1085_run1_6PQG_1_rename_0110
-1.0,-1.0,1127_run1_6PQG_1_rename_0110
-1.0,-1.0,1228_run1_6PQG_1_rename_0182
-1.0,-1.0,1219_run1_6PQG_1_rename_0317
-1.0,-1.0,1355_run1_6PQG_1_rename_0072
-1.0,-1.0,745_run1_6PQG_1_rename_0359
-1.0,-1.0,1149_run1_6PQG_1_rename_0144
-1.0,-1.0,1324_run1_6PQG_1_rename_0067
-1.0,-1.0,1090_run1_6PQG_1_rename_0125
-1.0,-1.0,1237_run1_6PQG_1_rename_0309
-1.0,-1.0,1369_run1_6PQG_1_rename_0021
-1.0,-1.0,1217_run1_6PQG_1_rename_0309
-1.0,-1.0,1106_run1_6PQG_1_rename_0193
-1.0,-1.0,1112_run1_6PQG_1_rename_0103
-1.0,-1.0,1129_run1_6PQG_1_rename_0145
-1.0,-1.0,1207_run1_6PQG_1_rename_0286
-1.0,-1.0,1165_run1_6PQG_1_rename_0174
-1.0,-1.0,1313_run1_6PQG_1_rename_0287
-1.0,-1.0,1117_run1_6PQG_1_rename_0260
-1.0,-1.0,1370_run1_6PQG_1_rename_0049
-1.0,-1.0,1341_run1_6PQG_1_rename_0165
-1.0,-1.0,1375_run1_6PQG_1_rename_0073
-1.0,-1.0,1290_run1_6PQG_1_rename_0216
-1.0,-1.0,1250_run1_6PQG_1_rename_0270
-1.0,-1.0,1119_run1_6PQG_1_rename_0195
-1.0,-1.0,1152_run1_6PQG_1_rename_0183
-1.0,-1.0,1329_run1_6PQG_1_rename_0093
-1.0,-1.0,1264_run1_6PQG_1_rename_0384
-1.0,-1.0,1147_run1_6PQG_1_rename_0218
-1.0,-1.0,1093_run1_6PQG_1_rename_0204
-1.0,-1.0,1090_run1_6PQG_1_rename_0152
-1.0,-1.0,1386_run1_6PQG_1_rename_0085
-1.0,-1.0,745_run1_6PQG_1_rename_0377
-1.0,-1.0,1399_run1_6PQG_1_rename_0010
-1.0,-1.0,1250_run1_6PQG_1_rename_0280
-1.0,-1.0,1175_run1_6PQG_1_rename_0198
-1.0,-1.0,1397_run1_6PQG_1_rename_0026
-1.0,-1.0,1331_run1_6PQG_1_rename_0189
-1.0,-1.0,1268_run1_6PQG_1_rename_0273
-1.0,-1.0,1328_run1_6PQG_1_rename_0129
-1.0,-1.0,1325_run1_6PQG_1_rename_0233
-1.0,-1.0,1123_run1_6PQG_1_rename_0247
-1.0,-1.0,1388_run1_6PQG_1_rename_0037
-1.0,-1.0,1085_run1_6PQG_1_rename_0149
-1.0,-1.0,1083_run1_6PQG_1_rename_0219
-1.0,-1.0,1324_run1_6PQG_1_rename_0129
-1.0,-1.0,1112_run1_6PQG_1_rename_0140
-1.0,-1.0,1328_run1_6PQG_1_rename_0142
-1.0,-1.0,1378_run1_6PQG_1_rename_0244
-1.0,-1.0,1132_run1_6PQG_1_rename_0291
-1.0,-1.0,1193_run1_6PQG_1_rename_0275
-1.0,-1.0,1153_run1_6PQG_1_rename_0357
-1.0,-1.0,1355_run1_6PQG_1_rename_0341
-1.0,-1.0,1335_run1_6PQG_1_rename_0144
-1.0,-1.0,1164_run1_6PQG_1_rename_0327
-1.0,-1.0,1112_run1_6PQG_1_rename_0145
-1.0,-1.0,1027_run1_6PQG_1_rename_0335
-1.0,-1.0,1166_run1_6PQG_1_rename_0280
-1.0,-1.0,1117_run1_6PQG_1_rename_0351
-1.0,-1.0,1276_run1_6PQG_1_rename_0374
-1.0,-1.0,1119_run1_6PQG_1_rename_0278
-1.0,-1.0,1245_run1_6PQG_1_rename_0310
-1.0,-1.0,1275_run1_6PQG_1_rename_0319
-1.0,-1.0,1128_run1_6PQG_1_rename_0243
-1.0,-1.0,1169_run1_6PQG_1_rename_0274
-1.0,-1.0,1168_run1_6PQG_1_rename_0173
-1.0,-1.0,1329_run1_6PQG_1_rename_0191
-1.0,-1.0,1177_run1_6PQG_1_rename_0343
-1.0,-1.0,1405_run1_6PQG_1_rename_0284
-1.0,-1.0,1146_run1_6PQG_1_rename_0237
-1.0,-1.0,1390_run1_6PQG_1_rename_0128
-1.0,-1.0,1129_run1_6PQG_1_rename_0218
-1.0,-1.0,1472_run1_6PQG_1_rename_0077
-1.0,-1.0,1405_run1_6PQG_1_rename_0287
-1.0,-1.0,1175_run1_6PQG_1_rename_0290
-1.0,-1.0,1353_run1_6PQG_1_rename_0160
-1.0,-1.0,1493_run1_6PQG_1_rename_0035
-1.0,-1.0,1538_run1_6PQG_1_rename_0009
-1.0,-1.0,1121_run1_6PQG_1_rename_0210
-1.0,-1.0,1122_run1_6PQG_1_rename_0339
-1.0,-1.0,1410_run1_6PQG_1_rename_0271
-1.0,-1.0,1339_run1_6PQG_1_rename_0277
-1.0,-1.0,1400_run1_6PQG_1_rename_0328
-1.0,-1.0,1499_run1_6PQG_1_rename_0231
-1.0,-1.0,1098_run1_6PQG_1_rename_0393
-1.0,-1.0,1159_run1_6PQG_1_rename_0342
-1.0,-1.0,1128_run1_6PQG_1_rename_0279
-1.0,-1.0,1461_run1_6PQG_1_rename_0294
-1.0,-1.0,1456_run1_6PQG_1_rename_0159
-1.0,-1.0,1185_run1_6PQG_1_rename_0207
-1.0,-1.0,1460_run1_6PQG_1_rename_0227
-1.0,-1.0,1513_run1_6PQG_1_rename_0093
-1.0,-1.0,1147_run1_6PQG_1_rename_0327
-1.0,-1.0,1468_run1_6PQG_1_rename_0118
-1.0,-1.0,1416_run1_6PQG_1_rename_0153
-1.0,-1.0,1348_run1_6PQG_1_rename_0231
-1.0,-1.0,1574_run1_6PQG_1_rename_0051
-1.0,-1.0,1096_run1_6PQG_1_rename_0378
-1.0,-1.0,1373_run1_6PQG_1_rename_0393
-1.0,-1.0,1586_run1_6PQG_1_rename_0147
-1.0,-1.0,1630_run1_6PQG_1_rename_0004
-1.0,-1.0,1089_run1_6PQG_1_rename_0348
-1.0,-1.0,1611_run1_6PQG_1_rename_0045
-1.0,-1.0,1364_run1_6PQG_1_rename_0332
-1.0,-1.0,1324_run1_6PQG_1_rename_0244
-1.0,-1.0,1087_run1_6PQG_1_rename_0221
-1.0,-1.0,1585_run1_6PQG_1_rename_0072
-1.0,-1.0,1333_run1_6PQG_1_rename_0260
-1.0,-1.0,1091_run1_6PQG_1_rename_0255
-1.0,-1.0,1363_run1_6PQG_1_rename_0202
-1.0,-1.0,1329_run1_6PQG_1_rename_0356
-1.0,-1.0,1493_run1_6PQG_1_rename_0181
-1.0,-1.0,1110_run1_6PQG_1_rename_0226
-1.0,-1.0,1144_run1_6PQG_1_rename_0304
-1.0,-1.0,1328_run1_6PQG_1_rename_0333
-1.0,-1.0,1491_run1_6PQG_1_rename_0171
-1.0,-1.0,1089_run1_6PQG_1_rename_0395
-1.0,-1.0,1465_run1_6PQG_1_rename_0330
-1.0,-1.0,1613_run1_6PQG_1_rename_0052
-1.0,-1.0,1092_run1_6PQG_1_rename_0196
-1.0,-1.0,1188_run1_6PQG_1_rename_0377
-1.0,-1.0,1401_run1_6PQG_1_rename_0343
-1.0,-1.0,1730_run1_6PQG_1_rename_0021
-1.0,-1.0,1681_run1_6PQG_1_rename_0102
-1.0,-1.0,1324_run1_6PQG_1_rename_0308
-1.0,-1.0,1472_run1_6PQG_1_rename_0346
-1.0,-1.0,1640_run1_6PQG_1_rename_0255
-1.0,-1.0,1761_run1_6PQG_1_rename_0011
-1.0,-1.0,1756_run1_6PQG_1_rename_0064
-1.0,-1.0,1634_run1_6PQG_1_rename_0234
-1.0,-1.0,1124_run1_6PQG_1_rename_0368
-1.0,-1.0,1731_run1_6PQG_1_rename_0060
-1.0,-1.0,1701_run1_6PQG_1_rename_0041
-1.0,-1.0,1791_run1_6PQG_1_rename_0011
-1.0,-1.0,1668_run1_6PQG_1_rename_0195
-1.0,-1.0,1618_run1_6PQG_1_rename_0113
-1.0,-1.0,1083_run1_6PQG_1_rename_0359
-1.0,-1.0,1759_run1_6PQG_1_rename_0032
-1.0,-1.0,1750_run1_6PQG_1_rename_0085
-1.0,-1.0,1704_run1_6PQG_1_rename_0221
-1.0,-1.0,1729_run1_6PQG_1_rename_0044
-1.0,-1.0,1369_run1_6PQG_1_rename_0337
-1.0,-1.0,1789_run1_6PQG_1_rename_0113
-1.0,-1.0,1731_run1_6PQG_1_rename_0103
-1.0,-1.0,1700_run1_6PQG_1_rename_0095
-1.0,-1.0,1081_run1_6PQG_1_rename_0348
-1.0,-1.0,1611_run1_6PQG_1_rename_0365
-1.0,-1.0,1144_run1_6PQG_1_rename_0385
-1.0,-1.0,1185_run1_6PQG_1_rename_0327
-1.0,-1.0,1774_run1_6PQG_1_rename_0052
-1.0,-1.0,1582_run1_6PQG_1_rename_0293
-1.0,-1.0,1772_run1_6PQG_1_rename_0131
-1.0,-1.0,1710_run1_6PQG_1_rename_0335
-1.0,-1.0,1618_run1_6PQG_1_rename_0141
-1.0,-1.0,1144_run1_6PQG_1_rename_0395
-1.0,-1.0,1651_run1_6PQG_1_rename_0254
-1.0,-1.0,1109_run1_6PQG_1_rename_0351
-1.0,-1.0,1093_run1_6PQG_1_rename_0359
-1.0,-1.0,1144_run1_6PQG_1_rename_0398
-1.0,-1.0,1090_run1_6PQG_1_rename_0335
-1.0,-1.0,1736_run1_6PQG_1_rename_0310
-1.0,-1.0,1861_run1_6PQG_1_rename_0053
-1.0,-1.0,1092_run1_6PQG_1_rename_0275
-1.0,-1.0,1736_run1_6PQG_1_rename_0336
-1.0,-1.0,1701_run1_6PQG_1_rename_0116
-1.0,-1.0,1778_run1_6PQG_1_rename_0298
-1.0,-1.0,1753_run1_6PQG_1_rename_0093
-1.0,-1.0,1561_run1_6PQG_1_rename_0249
-1.0,-1.0,1779_run1_6PQG_1_rename_0353
-1.0,-1.0,1798_run1_6PQG_1_rename_0343
-1.0,-1.0,1924_run1_6PQG_1_rename_0009
-1.0,-1.0,1877_run1_6PQG_1_rename_0076
-1.0,-1.0,1759_run1_6PQG_1_rename_0126
-1.0,-1.0,1657_run1_6PQG_1_rename_0312
-1.0,-1.0,1756_run1_6PQG_1_rename_0324
-1.0,-1.0,1682_run1_6PQG_1_rename_0342
-1.0,-1.0,1612_run1_6PQG_1_rename_0258
-1.0,-1.0,1798_run1_6PQG_1_rename_0381
-1.0,-1.0,1604_run1_6PQG_1_rename_0272
-1.0,-1.0,1637_run1_6PQG_1_rename_0330
-1.0,-1.0,1574_run1_6PQG_1_rename_0390
-1.0,-1.0,1583_run1_6PQG_1_rename_0322
-1.0,-1.0,1741_run1_6PQG_1_rename_0328
-1.0,-1.0,1932_run1_6PQG_1_rename_0165
-1.0,-1.0,1637_run1_6PQG_1_rename_0342
-1.0,-1.0,2001_run1_6PQG_1_rename_0037
-1.0,-1.0,1683_run1_6PQG_1_rename_0315
-1.0,-1.0,1564_run1_6PQG_1_rename_0249
-1.0,-1.0,1741_run1_6PQG_1_rename_0374
-1.0,-1.0,1749_run1_6PQG_1_rename_0209
-1.0,-1.0,1670_run1_6PQG_1_rename_0320
-1.0,-1.0,1604_run1_6PQG_1_rename_0352
-1.0,-1.0,2088_run1_6PQG_1_rename_0005
-1.0,-1.0,1977_run1_6PQG_1_rename_0116
-1.0,-1.0,1981_run1_6PQG_1_rename_0213
-1.0,-1.0,1664_run1_6PQG_1_rename_0215
-1.0,-1.0,2105_run1_6PQG_1_rename_0001
-1.0,-1.0,2108_run1_6PQG_1_rename_0003
-1.0,-1.0,1783_run1_6PQG_1_rename_0254
-1.0,-1.0,2029_run1_6PQG_1_rename_0063
-1.0,-1.0,2008_run1_6PQG_1_rename_0116
-1.0,-1.0,1112_run1_6PQG_1_rename_0373
-1.0,-1.0,1761_run1_6PQG_1_rename_0179
-1.0,-1.0,1780_run1_6PQG_1_rename_0206
-1.0,-1.0,1909_run1_6PQG_1_rename_0197
-1.0,-1.0,2030_run1_6PQG_1_rename_0157
-1.0,-1.0,2018_run1_6PQG_1_rename_0200
-1.0,-1.0,1087_run1_6PQG_1_rename_0372
-1.0,-1.0,2035_run1_6PQG_1_rename_0222
-1.0,-1.0,2019_run1_6PQG_1_rename_0272
-1.0,-1.0,1781_run1_6PQG_1_rename_0216
-1.0,-1.0,1877_run1_6PQG_1_rename_0264
-1.0,-1.0,1111_run1_6PQG_1_rename_0396
-1.0,-1.0,1709_run1_6PQG_1_rename_0327
-1.0,-1.0,1801_run1_6PQG_1_rename_0282
-1.0,-1.0,2118_run1_6PQG_1_rename_0095
-1.0,-1.0,2171_run1_6PQG_1_rename_0007
-1.0,-1.0,2065_run1_6PQG_1_rename_0074
-1.0,-1.0,2094_run1_6PQG_1_rename_0087
-1.0,-1.0,2121_run1_6PQG_1_rename_0161
-1.0,-1.0,1660_run1_6PQG_1_rename_0398
-1.0,-1.0,2168_run1_6PQG_1_rename_0015
-1.0,-1.0,1777_run1_6PQG_1_rename_0283
-1.0,-1.0,1877_run1_6PQG_1_rename_0340
-1.0,-1.0,2024_run1_6PQG_1_rename_0218
-1.0,-1.0,2018_run1_6PQG_1_rename_0308
-1.0,-1.0,1860_run1_6PQG_1_rename_0380
-1.0,-1.0,2190_run1_6PQG_1_rename_0023
-1.0,-1.0,2131_run1_6PQG_1_rename_0080
-1.0,-1.0,2202_run1_6PQG_1_rename_0027
-1.0,-1.0,2164_run1_6PQG_1_rename_0070
-1.0,-1.0,2104_run1_6PQG_1_rename_0155
-1.0,-1.0,2187_run1_6PQG_1_rename_0037
-1.0,-1.0,2208_run1_6PQG_1_rename_0033
-1.0,-1.0,2124_run1_6PQG_1_rename_0098
-1.0,-1.0,2054_run1_6PQG_1_rename_0291
-1.0,-1.0,2213_run1_6PQG_1_rename_0030
-1.0,-1.0,2167_run1_6PQG_1_rename_0033
-1.0,-1.0,2248_run1_6PQG_1_rename_0003
-1.0,-1.0,1679_run1_6PQG_1_rename_0382
-1.0,-1.0,2029_run1_6PQG_1_rename_0146
-1.0,-1.0,2207_run1_6PQG_1_rename_0072
-1.0,-1.0,1729_run1_6PQG_1_rename_0235
-1.0,-1.0,2227_run1_6PQG_1_rename_0020
-1.0,-1.0,2251_run1_6PQG_1_rename_0016
-1.0,-1.0,2210_run1_6PQG_1_rename_0043
-1.0,-1.0,1733_run1_6PQG_1_rename_0312
-1.0,-1.0,2165_run1_6PQG_1_rename_0061
-1.0,-1.0,2098_run1_6PQG_1_rename_0143
-1.0,-1.0,2245_run1_6PQG_1_rename_0034
-1.0,-1.0,2276_run1_6PQG_1_rename_0121
-1.0,-1.0,2149_run1_6PQG_1_rename_0260
-1.0,-1.0,2204_run1_6PQG_1_rename_0070
-1.0,-1.0,2256_run1_6PQG_1_rename_0128
-1.0,-1.0,2183_run1_6PQG_1_rename_0169
-1.0,-1.0,1753_run1_6PQG_1_rename_0289
-1.0,-1.0,2142_run1_6PQG_1_rename_0200
-1.0,-1.0,2256_run1_6PQG_1_rename_0178
-1.0,-1.0,2228_run1_6PQG_1_rename_0084
-1.0,-1.0,2329_run1_6PQG_1_rename_0082
-1.0,-1.0,2250_run1_6PQG_1_rename_0049
-1.0,-1.0,2163_run1_6PQG_1_rename_0122
-1.0,-1.0,2130_run1_6PQG_1_rename_0187
-1.0,-1.0,2208_run1_6PQG_1_rename_0091
-1.0,-1.0,2263_run1_6PQG_1_rename_0229
-1.0,-1.0,2198_run1_6PQG_1_rename_0077
-1.0,-1.0,2311_run1_6PQG_1_rename_0224
-1.0,-1.0,2121_run1_6PQG_1_rename_0369
-1.0,-1.0,2234_run1_6PQG_1_rename_0062
-1.0,-1.0,2141_run1_6PQG_1_rename_0263
-1.0,-1.0,2141_run1_6PQG_1_rename_0264
-1.0,-1.0,2318_run1_6PQG_1_rename_0229
-1.0,-1.0,2231_run1_6PQG_1_rename_0082
-1.0,-1.0,2172_run1_6PQG_1_rename_0132
-1.0,-1.0,2221_run1_6PQG_1_rename_0051
-1.0,-1.0,2125_run1_6PQG_1_rename_0334
-1.0,-1.0,2390_run1_6PQG_1_rename_0042
-1.0,-1.0,2155_run1_6PQG_1_rename_0194
-1.0,-1.0,2157_run1_6PQG_1_rename_0371
-1.0,-1.0,2407_run1_6PQG_1_rename_0018
-1.0,-1.0,2232_run1_6PQG_1_rename_0062
-1.0,-1.0,2317_run1_6PQG_1_rename_0214
-1.0,-1.0,2320_run1_6PQG_1_rename_0109
-1.0,-1.0,2198_run1_6PQG_1_rename_0120
-1.0,-1.0,2219_run1_6PQG_1_rename_0158
-1.0,-1.0,2251_run1_6PQG_1_rename_0147
-1.0,-1.0,2143_run1_6PQG_1_rename_0173
-1.0,-1.0,2259_run1_6PQG_1_rename_0215
-1.0,-1.0,2130_run1_6PQG_1_rename_0265
-1.0,-1.0,2098_run1_6PQG_1_rename_0281
-1.0,-1.0,2225_run1_6PQG_1_rename_0117
-1.0,-1.0,2175_run1_6PQG_1_rename_0160
-1.0,-1.0,2198_run1_6PQG_1_rename_0140
-1.0,-1.0,2326_run1_6PQG_1_rename_0128
-1.0,-1.0,2410_run1_6PQG_1_rename_0030
-1.0,-1.0,2422_run1_6PQG_1_rename_0030
-1.0,-1.0,2241_run1_6PQG_1_rename_0126
-1.0,-1.0,2247_run1_6PQG_1_rename_0146
-1.0,-1.0,2441_run1_6PQG_1_rename_0034
-1.0,-1.0,2166_run1_6PQG_1_rename_0151
-1.0,-1.0,2437_run1_6PQG_1_rename_0062
-1.0,-1.0,2375_run1_6PQG_1_rename_0180
-1.0,-1.0,1729_run1_6PQG_1_rename_0353
-1.0,-1.0,2023_run1_6PQG_1_rename_0302
-1.0,-1.0,2242_run1_6PQG_1_rename_0174
-1.0,-1.0,2258_run1_6PQG_1_rename_0298
-1.0,-1.0,2166_run1_6PQG_1_rename_0158
-1.0,-1.0,2393_run1_6PQG_1_rename_0238
-1.0,-1.0,2446_run1_6PQG_1_rename_0046
-1.0,-1.0,2349_run1_6PQG_1_rename_0327
-1.0,-1.0,2346_run1_6PQG_1_rename_0195
-1.0,-1.0,2491_run1_6PQG_1_rename_0017
-1.0,-1.0,2442_run1_6PQG_1_rename_0124
-1.0,-1.0,2372_run1_6PQG_1_rename_0248
-1.0,-1.0,2460_run1_6PQG_1_rename_0085
-1.0,-1.0,2354_run1_6PQG_1_rename_0330
-1.0,-1.0,2356_run1_6PQG_1_rename_0354
-1.0,-1.0,2190_run1_6PQG_1_rename_0275
-1.0,-1.0,2234_run1_6PQG_1_rename_0157
-1.0,-1.0,2248_run1_6PQG_1_rename_0173
-1.0,-1.0,1996_run1_6PQG_1_rename_0337
-1.0,-1.0,2390_run1_6PQG_1_rename_0277
-1.0,-1.0,2170_run1_6PQG_1_rename_0203
-1.0,-1.0,2320_run1_6PQG_1_rename_0283
-1.0,-1.0,2420_run1_6PQG_1_rename_0204
-1.0,-1.0,2143_run1_6PQG_1_rename_0271
-1.0,-1.0,2164_run1_6PQG_1_rename_0292
-1.0,-1.0,2237_run1_6PQG_1_rename_0132
-1.0,-1.0,2457_run1_6PQG_1_rename_0182
-1.0,-1.0,2372_run1_6PQG_1_rename_0317
-1.0,-1.0,2362_run1_6PQG_1_rename_0323
-1.0,-1.0,2509_run1_6PQG_1_rename_0026
-1.0,-1.0,2163_run1_6PQG_1_rename_0339
-1.0,-1.0,2222_run1_6PQG_1_rename_0199
-1.0,-1.0,2412_run1_6PQG_1_rename_0295
-1.0,-1.0,2431_run1_6PQG_1_rename_0364
-1.0,-1.0,2403_run1_6PQG_1_rename_0239
-1.0,-1.0,2411_run1_6PQG_1_rename_0256
-1.0,-1.0,2431_run1_6PQG_1_rename_0373
-1.0,-1.0,2176_run1_6PQG_1_rename_0254
-1.0,-1.0,2335_run1_6PQG_1_rename_0370
-1.0,-1.0,2506_run1_6PQG_1_rename_0076
-1.0,-1.0,2235_run1_6PQG_1_rename_0245
-1.0,-1.0,2426_run1_6PQG_1_rename_0185
-1.0,-1.0,2290_run1_6PQG_1_rename_0326
-1.0,-1.0,2477_run1_6PQG_1_rename_0103
-1.0,-1.0,2520_run1_6PQG_1_rename_0067
-1.0,-1.0,2403_run1_6PQG_1_rename_0253
-1.0,-1.0,2187_run1_6PQG_1_rename_0227
-1.0,-1.0,2484_run1_6PQG_1_rename_0169
-1.0,-1.0,2418_run1_6PQG_1_rename_0398
-1.0,-1.0,2117_run1_6PQG_1_rename_0318
-1.0,-1.0,2523_run1_6PQG_1_rename_0020
-1.0,-1.0,2176_run1_6PQG_1_rename_0275
-1.0,-1.0,2424_run1_6PQG_1_rename_0244
-1.0,-1.0,2536_run1_6PQG_1_rename_0016
-1.0,-1.0,2557_run1_6PQG_1_rename_0015
-1.0,-1.0,2571_run1_6PQG_1_rename_0026
-1.0,-1.0,2569_run1_6PQG_1_rename_0022
-1.0,-1.0,2375_run1_6PQG_1_rename_0370
-1.0,-1.0,2482_run1_6PQG_1_rename_0187
-1.0,-1.0,2470_run1_6PQG_1_rename_0188
-1.0,-1.0,2198_run1_6PQG_1_rename_0238
-1.0,-1.0,2231_run1_6PQG_1_rename_0189
-1.0,-1.0,2029_run1_6PQG_1_rename_0353
-1.0,-1.0,2406_run1_6PQG_1_rename_0279
-1.0,-1.0,2437_run1_6PQG_1_rename_0380
-1.0,-1.0,2237_run1_6PQG_1_rename_0164
-1.0,-1.0,2599_run1_6PQG_1_rename_0023
-1.0,-1.0,2595_run1_6PQG_1_rename_0037
-1.0,-1.0,2245_run1_6PQG_1_rename_0226
-1.0,-1.0,2463_run1_6PQG_1_rename_0294
-1.0,-1.0,2576_run1_6PQG_1_rename_0038
-1.0,-1.0,2495_run1_6PQG_1_rename_0133
-1.0,-1.0,2422_run1_6PQG_1_rename_0354
-1.0,-1.0,2200_run1_6PQG_1_rename_0308
-1.0,-1.0,2510_run1_6PQG_1_rename_0193
-1.0,-1.0,2176_run1_6PQG_1_rename_0307
-1.0,-1.0,2524_run1_6PQG_1_rename_0046
-1.0,-1.0,2492_run1_6PQG_1_rename_0195
-1.0,-1.0,2641_run1_6PQG_1_rename_0090
-1.0,-1.0,2182_run1_6PQG_1_rename_0303
-1.0,-1.0,2543_run1_6PQG_1_rename_0125
-1.0,-1.0,2531_run1_6PQG_1_rename_0196
-1.0,-1.0,2188_run1_6PQG_1_rename_0340
-1.0,-1.0,2143_run1_6PQG_1_rename_0374
-1.0,-1.0,2435_run1_6PQG_1_rename_0330
-1.0,-1.0,2401_run1_6PQG_1_rename_0326
-1.0,-1.0,2554_run1_6PQG_1_rename_0074
-1.0,-1.0,2227_run1_6PQG_1_rename_0302
-1.0,-1.0,2202_run1_6PQG_1_rename_0391
-1.0,-1.0,2177_run1_6PQG_1_rename_0280
-1.0,-1.0,2226_run1_6PQG_1_rename_0212
-1.0,-1.0,2559_run1_6PQG_1_rename_0108
-1.0,-1.0,2435_run1_6PQG_1_rename_0370
-1.0,-1.0,2165_run1_6PQG_1_rename_0254
-1.0,-1.0,2569_run1_6PQG_1_rename_0089
-1.0,-1.0,2486_run1_6PQG_1_rename_0324
-1.0,-1.0,2513_run1_6PQG_1_rename_0301
-1.0,-1.0,2539_run1_6PQG_1_rename_0114
-1.0,-1.0,2546_run1_6PQG_1_rename_0112
-1.0,-1.0,2640_run1_6PQG_1_rename_0217
-1.0,-1.0,2550_run1_6PQG_1_rename_0272
-1.0,-1.0,2564_run1_6PQG_1_rename_0125
-1.0,-1.0,2227_run1_6PQG_1_rename_0335
-1.0,-1.0,2627_run1_6PQG_1_rename_0288
-1.0,-1.0,2726_run1_6PQG_1_rename_0025
-1.0,-1.0,2234_run1_6PQG_1_rename_0290
-1.0,-1.0,2587_run1_6PQG_1_rename_0146
-1.0,-1.0,2527_run1_6PQG_1_rename_0162
-1.0,-1.0,2715_run1_6PQG_1_rename_0043
-1.0,-1.0,2565_run1_6PQG_1_rename_0164
-1.0,-1.0,2537_run1_6PQG_1_rename_0135
-1.0,-1.0,2628_run1_6PQG_1_rename_0274
-1.0,-1.0,2626_run1_6PQG_1_rename_0294
-1.0,-1.0,2546_run1_6PQG_1_rename_0129
-1.0,-1.0,2401_run1_6PQG_1_rename_0386
-1.0,-1.0,2315_run1_6PQG_1_rename_0348
-1.0,-1.0,2577_run1_6PQG_1_rename_0179
-1.0,-1.0,2500_run1_6PQG_1_rename_0316
-1.0,-1.0,2595_run1_6PQG_1_rename_0123
-1.0,-1.0,2539_run1_6PQG_1_rename_0133
-1.0,-1.0,2638_run1_6PQG_1_rename_0216
-1.0,-1.0,2232_run1_6PQG_1_rename_0254
-1.0,-1.0,2761_run1_6PQG_1_rename_0007
-1.0,-1.0,2756_run1_6PQG_1_rename_0035
-1.0,-1.0,2504_run1_6PQG_1_rename_0330
-1.0,-1.0,2554_run1_6PQG_1_rename_0130
-1.0,-1.0,2222_run1_6PQG_1_rename_0399
-1.0,-1.0,2577_run1_6PQG_1_rename_0220
-1.0,-1.0,2231_run1_6PQG_1_rename_0289
-1.0,-1.0,2232_run1_6PQG_1_rename_0265
-1.0,-1.0,2536_run1_6PQG_1_rename_0086
-1.0,-1.0,2687_run1_6PQG_1_rename_0330
-1.0,-1.0,2245_run1_6PQG_1_rename_0355
-1.0,-1.0,2221_run1_6PQG_1_rename_0186
-1.0,-1.0,2604_run1_6PQG_1_rename_0160
-1.0,-1.0,2584_run1_6PQG_1_rename_0244
-1.0,-1.0,2540_run1_6PQG_1_rename_0239
-1.0,-1.0,2533_run1_6PQG_1_rename_0137
-1.0,-1.0,2620_run1_6PQG_1_rename_0378
-1.0,-1.0,2315_run1_6PQG_1_rename_0385
-1.0,-1.0,2728_run1_6PQG_1_rename_0117
-1.0,-1.0,2648_run1_6PQG_1_rename_0311
-1.0,-1.0,2820_run1_6PQG_1_rename_0019
-1.0,-1.0,2537_run1_6PQG_1_rename_0195
-1.0,-1.0,2567_run1_6PQG_1_rename_0247
-1.0,-1.0,2766_run1_6PQG_1_rename_0141
-1.0,-1.0,2575_run1_6PQG_1_rename_0191
-1.0,-1.0,2231_run1_6PQG_1_rename_0315
-1.0,-1.0,2813_run1_6PQG_1_rename_0059
-1.0,-1.0,2170_run1_6PQG_1_rename_0346
-1.0,-1.0,2237_run1_6PQG_1_rename_0257
-1.0,-1.0,2788_run1_6PQG_1_rename_0078
-1.0,-1.0,2180_run1_6PQG_1_rename_0391
-1.0,-1.0,2767_run1_6PQG_1_rename_0179
-1.0,-1.0,2533_run1_6PQG_1_rename_0168
-1.0,-1.0,2873_run1_6PQG_1_rename_0046
-1.0,-1.0,2524_run1_6PQG_1_rename_0132
-1.0,-1.0,2226_run1_6PQG_1_rename_0293
-1.0,-1.0,2872_run1_6PQG_1_rename_0060
-1.0,-1.0,2559_run1_6PQG_1_rename_0268
-1.0,-1.0,2734_run1_6PQG_1_rename_0378
-1.0,-1.0,2530_run1_6PQG_1_rename_0387
-1.0,-1.0,2558_run1_6PQG_1_rename_0316
-1.0,-1.0,2205_run1_6PQG_1_rename_0353
-1.0,-1.0,2801_run1_6PQG_1_rename_0077
-1.0,-1.0,2568_run1_6PQG_1_rename_0383
-1.0,-1.0,2785_run1_6PQG_1_rename_0244
-1.0,-1.0,2805_run1_6PQG_1_rename_0127
-1.0,-1.0,2916_run1_6PQG_1_rename_0018
-1.0,-1.0,2527_run1_6PQG_1_rename_0299
-1.0,-1.0,2165_run1_6PQG_1_rename_0384
-1.0,-1.0,2845_run1_6PQG_1_rename_0101
-1.0,-1.0,2864_run1_6PQG_1_rename_0083
-1.0,-1.0,2600_run1_6PQG_1_rename_0344
-1.0,-1.0,2704_run1_6PQG_1_rename_0275
-1.0,-1.0,2554_run1_6PQG_1_rename_0213
-1.0,-1.0,2539_run1_6PQG_1_rename_0239
-1.0,-1.0,2171_run1_6PQG_1_rename_0388
-1.0,-1.0,2589_run1_6PQG_1_rename_0245
-1.0,-1.0,2787_run1_6PQG_1_rename_0300
-1.0,-1.0,2894_run1_6PQG_1_rename_0024
-1.0,-1.0,2240_run1_6PQG_1_rename_0390
-1.0,-1.0,2581_run1_6PQG_1_rename_0254
-1.0,-1.0,2791_run1_6PQG_1_rename_0094
-1.0,-1.0,2871_run1_6PQG_1_rename_0128
-1.0,-1.0,2972_run1_6PQG_1_rename_0010
-1.0,-1.0,2803_run1_6PQG_1_rename_0106
-1.0,-1.0,2836_run1_6PQG_1_rename_0153
-1.0,-1.0,2792_run1_6PQG_1_rename_0116
-1.0,-1.0,2749_run1_6PQG_1_rename_0381
-1.0,-1.0,2533_run1_6PQG_1_rename_0209
-1.0,-1.0,2787_run1_6PQG_1_rename_0353
-1.0,-1.0,2828_run1_6PQG_1_rename_0141
-1.0,-1.0,2929_run1_6PQG_1_rename_0037
-1.0,-1.0,2969_run1_6PQG_1_rename_0030
-1.0,-1.0,2883_run1_6PQG_1_rename_0072
-1.0,-1.0,2575_run1_6PQG_1_rename_0298
-1.0,-1.0,2880_run1_6PQG_1_rename_0129
-1.0,-1.0,2846_run1_6PQG_1_rename_0125
-1.0,-1.0,2954_run1_6PQG_1_rename_0055
-1.0,-1.0,2591_run1_6PQG_1_rename_0339
-1.0,-1.0,2860_run1_6PQG_1_rename_0170
-1.0,-1.0,2525_run1_6PQG_1_rename_0309
-1.0,-1.0,2996_run1_6PQG_1_rename_0136
-1.0,-1.0,3010_run1_6PQG_1_rename_0037
-1.0,-1.0,2834_run1_6PQG_1_rename_0169
-1.0,-1.0,2537_run1_6PQG_1_rename_0321
-1.0,-1.0,2863_run1_6PQG_1_rename_0216
-1.0,-1.0,3001_run1_6PQG_1_rename_0138
-1.0,-1.0,3005_run1_6PQG_1_rename_0205
-1.0,-1.0,2825_run1_6PQG_1_rename_0200
-1.0,-1.0,2909_run1_6PQG_1_rename_0096
-1.0,-1.0,2889_run1_6PQG_1_rename_0088
-1.0,-1.0,2847_run1_6PQG_1_rename_0327
-1.0,-1.0,2897_run1_6PQG_1_rename_0096
-1.0,-1.0,2226_run1_6PQG_1_rename_0355
-1.0,-1.0,3025_run1_6PQG_1_rename_0162
-1.0,-1.0,2803_run1_6PQG_1_rename_0154
-1.0,-1.0,2972_run1_6PQG_1_rename_0185
-1.0,-1.0,2991_run1_6PQG_1_rename_0391
-1.0,-1.0,3059_run1_6PQG_1_rename_0070
-1.0,-1.0,2863_run1_6PQG_1_rename_0266
-1.0,-1.0,2833_run1_6PQG_1_rename_0326
-1.0,-1.0,2545_run1_6PQG_1_rename_0186
-1.0,-1.0,3067_run1_6PQG_1_rename_0027
-1.0,-1.0,2799_run1_6PQG_1_rename_0330
-1.0,-1.0,2876_run1_6PQG_1_rename_0313
-1.0,-1.0,2533_run1_6PQG_1_rename_0293
-1.0,-1.0,2547_run1_6PQG_1_rename_0346
-1.0,-1.0,2967_run1_6PQG_1_rename_0214
-1.0,-1.0,2967_run1_6PQG_1_rename_0215
-1.0,-1.0,2894_run1_6PQG_1_rename_0092
-1.0,-1.0,2866_run1_6PQG_1_rename_0316
-1.0,-1.0,3101_run1_6PQG_1_rename_0003
-1.0,-1.0,2948_run1_6PQG_1_rename_0168
-1.0,-1.0,2802_run1_6PQG_1_rename_0246
-1.0,-1.0,2788_run1_6PQG_1_rename_0334
-1.0,-1.0,3091_run1_6PQG_1_rename_0027
-1.0,-1.0,3066_run1_6PQG_1_rename_0052
-1.0,-1.0,2894_run1_6PQG_1_rename_0098
-1.0,-1.0,2896_run1_6PQG_1_rename_0173
-1.0,-1.0,2842_run1_6PQG_1_rename_0384
-1.0,-1.0,2221_run1_6PQG_1_rename_0313
-1.0,-1.0,3057_run1_6PQG_1_rename_0198
-1.0,-1.0,2961_run1_6PQG_1_rename_0252
-1.0,-1.0,2914_run1_6PQG_1_rename_0201
-1.0,-1.0,3131_run1_6PQG_1_rename_0020
-1.0,-1.0,3044_run1_6PQG_1_rename_0246
-1.0,-1.0,3090_run1_6PQG_1_rename_0102
-1.0,-1.0,2802_run1_6PQG_1_rename_0269
-1.0,-1.0,2570_run1_6PQG_1_rename_0380
-1.0,-1.0,2964_run1_6PQG_1_rename_0151
-1.0,-1.0,2857_run1_6PQG_1_rename_0274
-1.0,-1.0,3120_run1_6PQG_1_rename_0074
-1.0,-1.0,2822_run1_6PQG_1_rename_0345
-1.0,-1.0,2810_run1_6PQG_1_rename_0354
-1.0,-1.0,3145_run1_6PQG_1_rename_0044
-1.0,-1.0,2796_run1_6PQG_1_rename_0262
-1.0,-1.0,2605_run1_6PQG_1_rename_0250
-1.0,-1.0,3131_run1_6PQG_1_rename_0051
-1.0,-1.0,3181_run1_6PQG_1_rename_0032
-1.0,-1.0,2929_run1_6PQG_1_rename_0159
-1.0,-1.0,3072_run1_6PQG_1_rename_0127
-1.0,-1.0,3123_run1_6PQG_1_rename_0057
-1.0,-1.0,3137_run1_6PQG_1_rename_0087
-1.0,-1.0,2926_run1_6PQG_1_rename_0300
-1.0,-1.0,3150_run1_6PQG_1_rename_0072
-1.0,-1.0,3064_run1_6PQG_1_rename_0100
-1.0,-1.0,2924_run1_6PQG_1_rename_0179
-1.0,-1.0,3085_run1_6PQG_1_rename_0225
-1.0,-1.0,3205_run1_6PQG_1_rename_0061
-1.0,-1.0,3063_run1_6PQG_1_rename_0157
-1.0,-1.0,3062_run1_6PQG_1_rename_0153
-1.0,-1.0,3084_run1_6PQG_1_rename_0091
-1.0,-1.0,3197_run1_6PQG_1_rename_0139
-1.0,-1.0,3106_run1_6PQG_1_rename_0121
-1.0,-1.0,2536_run1_6PQG_1_rename_0285
-1.0,-1.0,3107_run1_6PQG_1_rename_0189
-1.0,-1.0,2533_run1_6PQG_1_rename_0372
-1.0,-1.0,3179_run1_6PQG_1_rename_0147
-1.0,-1.0,3132_run1_6PQG_1_rename_0113
-1.0,-1.0,2848_run1_6PQG_1_rename_0314
-1.0,-1.0,3154_run1_6PQG_1_rename_0209
-1.0,-1.0,3206_run1_6PQG_1_rename_0114
-1.0,-1.0,3196_run1_6PQG_1_rename_0134
-1.0,-1.0,3144_run1_6PQG_1_rename_0243
-1.0,-1.0,3063_run1_6PQG_1_rename_0187
-1.0,-1.0,3181_run1_6PQG_1_rename_0168
-1.0,-1.0,3118_run1_6PQG_1_rename_0322
-1.0,-1.0,2954_run1_6PQG_1_rename_0359
-1.0,-1.0,3222_run1_6PQG_1_rename_0235
-1.0,-1.0,3253_run1_6PQG_1_rename_0028
-1.0,-1.0,3077_run1_6PQG_1_rename_0168
-1.0,-1.0,2887_run1_6PQG_1_rename_0251
-1.0,-1.0,2903_run1_6PQG_1_rename_0249
-1.0,-1.0,3200_run1_6PQG_1_rename_0220
-1.0,-1.0,3234_run1_6PQG_1_rename_0176
-1.0,-1.0,2886_run1_6PQG_1_rename_0241
-1.0,-1.0,2921_run1_6PQG_1_rename_0305
-1.0,-1.0,3287_run1_6PQG_1_rename_0006
-1.0,-1.0,2894_run1_6PQG_1_rename_0169
-1.0,-1.0,3081_run1_6PQG_1_rename_0170
-1.0,-1.0,3075_run1_6PQG_1_rename_0201
-1.0,-1.0,3176_run1_6PQG_1_rename_0383
-1.0,-1.0,3209_run1_6PQG_1_rename_0302
-1.0,-1.0,2907_run1_6PQG_1_rename_0307
-1.0,-1.0,3113_run1_6PQG_1_rename_0309
-1.0,-1.0,3310_run1_6PQG_1_rename_0009
-1.0,-1.0,3087_run1_6PQG_1_rename_0307
-1.0,-1.0,3288_run1_6PQG_1_rename_0027
-1.0,-1.0,3162_run1_6PQG_1_rename_0281
-1.0,-1.0,3211_run1_6PQG_1_rename_0313
-1.0,-1.0,3194_run1_6PQG_1_rename_0302
-1.0,-1.0,3310_run1_6PQG_1_rename_0011
-1.0,-1.0,3328_run1_6PQG_1_rename_0012
-1.0,-1.0,2891_run1_6PQG_1_rename_0296
-1.0,-1.0,3067_run1_6PQG_1_rename_0281
-1.0,-1.0,3285_run1_6PQG_1_rename_0040
-1.0,-1.0,3245_run1_6PQG_1_rename_0133
-1.0,-1.0,3351_run1_6PQG_1_rename_0094
-1.0,-1.0,3372_run1_6PQG_1_rename_0007
-1.0,-1.0,3247_run1_6PQG_1_rename_0122
-1.0,-1.0,2792_run1_6PQG_1_rename_0388
-1.0,-1.0,3149_run1_6PQG_1_rename_0360
-1.0,-1.0,3288_run1_6PQG_1_rename_0049
-1.0,-1.0,3387_run1_6PQG_1_rename_0025
-1.0,-1.0,2884_run1_6PQG_1_rename_0280
-1.0,-1.0,3119_run1_6PQG_1_rename_0311
-1.0,-1.0,3199_run1_6PQG_1_rename_0378
-1.0,-1.0,3345_run1_6PQG_1_rename_0055
-1.0,-1.0,3196_run1_6PQG_1_rename_0296
-1.0,-1.0,3360_run1_6PQG_1_rename_0082
-1.0,-1.0,3416_run1_6PQG_1_rename_0016
-1.0,-1.0,2904_run1_6PQG_1_rename_0361
-1.0,-1.0,3292_run1_6PQG_1_rename_0098
-1.0,-1.0,2939_run1_6PQG_1_rename_0372
-1.0,-1.0,2878_run1_6PQG_1_rename_0361
-1.0,-1.0,3262_run1_6PQG_1_rename_0098
-1.0,-1.0,3084_run1_6PQG_1_rename_0238
-1.0,-1.0,2914_run1_6PQG_1_rename_0385
-1.0,-1.0,3415_run1_6PQG_1_rename_0097
-1.0,-1.0,3379_run1_6PQG_1_rename_0169
-1.0,-1.0,3348_run1_6PQG_1_rename_0152
-1.0,-1.0,3424_run1_6PQG_1_rename_0107
-1.0,-1.0,3313_run1_6PQG_1_rename_0099
-1.0,-1.0,3363_run1_6PQG_1_rename_0223
-1.0,-1.0,3405_run1_6PQG_1_rename_0188
-1.0,-1.0,3389_run1_6PQG_1_rename_0218
-1.0,-1.0,3484_run1_6PQG_1_rename_0009
-1.0,-1.0,3328_run1_6PQG_1_rename_0097
-1.0,-1.0,3351_run1_6PQG_1_rename_0358
-1.0,-1.0,3282_run1_6PQG_1_rename_0155
-1.0,-1.0,3106_run1_6PQG_1_rename_0323
-1.0,-1.0,3445_run1_6PQG_1_rename_0078
-1.0,-1.0,3470_run1_6PQG_1_rename_0043
-1.0,-1.0,3245_run1_6PQG_1_rename_0226
-1.0,-1.0,3272_run1_6PQG_1_rename_0169
-1.0,-1.0,3346_run1_6PQG_1_rename_0133
-1.0,-1.0,3405_run1_6PQG_1_rename_0240
-1.0,-1.0,3274_run1_6PQG_1_rename_0141
-1.0,-1.0,3076_run1_6PQG_1_rename_0372
-1.0,-1.0,3265_run1_6PQG_1_rename_0185
-1.0,-1.0,3298_run1_6PQG_1_rename_0087
-1.0,-1.0,3344_run1_6PQG_1_rename_0321
-1.0,-1.0,3084_run1_6PQG_1_rename_0306
-1.0,-1.0,3284_run1_6PQG_1_rename_0167
-1.0,-1.0,3381_run1_6PQG_1_rename_0318
-1.0,-1.0,3378_run1_6PQG_1_rename_0247
-1.0,-1.0,3255_run1_6PQG_1_rename_0149
-1.0,-1.0,2545_run1_6PQG_1_rename_0364
-1.0,-1.0,3250_run1_6PQG_1_rename_0242
-1.0,-1.0,3292_run1_6PQG_1_rename_0231
-1.0,-1.0,2815_run1_6PQG_1_rename_0372
-1.0,-1.0,3469_run1_6PQG_1_rename_0221
-1.0,-1.0,3346_run1_6PQG_1_rename_0192
-1.0,-1.0,3522_run1_6PQG_1_rename_0010
-1.0,-1.0,3570_run1_6PQG_1_rename_0010
-1.0,-1.0,3249_run1_6PQG_1_rename_0190
-1.0,-1.0,3294_run1_6PQG_1_rename_0160
-1.0,-1.0,3336_run1_6PQG_1_rename_0346
-1.0,-1.0,2900_run1_6PQG_1_rename_0369
-1.0,-1.0,3250_run1_6PQG_1_rename_0251
-1.0,-1.0,3269_run1_6PQG_1_rename_0265
-1.0,-1.0,3298_run1_6PQG_1_rename_0099
-1.0,-1.0,3586_run1_6PQG_1_rename_0024
-1.0,-1.0,3509_run1_6PQG_1_rename_0214
-1.0,-1.0,3084_run1_6PQG_1_rename_0341
-1.0,-1.0,3451_run1_6PQG_1_rename_0158
-1.0,-1.0,3311_run1_6PQG_1_rename_0296
-1.0,-1.0,3260_run1_6PQG_1_rename_0199
-1.0,-1.0,3376_run1_6PQG_1_rename_0359
-1.0,-1.0,3294_run1_6PQG_1_rename_0166
-1.0,-1.0,3277_run1_6PQG_1_rename_0165
-1.0,-1.0,3503_run1_6PQG_1_rename_0338
-1.0,-1.0,3423_run1_6PQG_1_rename_0159
-1.0,-1.0,3514_run1_6PQG_1_rename_0070
-1.0,-1.0,3528_run1_6PQG_1_rename_0059
-1.0,-1.0,3576_run1_6PQG_1_rename_0056
-1.0,-1.0,3280_run1_6PQG_1_rename_0277
-1.0,-1.0,3453_run1_6PQG_1_rename_0289
-1.0,-1.0,3552_run1_6PQG_1_rename_0048
-1.0,-1.0,3463_run1_6PQG_1_rename_0258
-1.0,-1.0,3542_run1_6PQG_1_rename_0046
-1.0,-1.0,3282_run1_6PQG_1_rename_0282
-1.0,-1.0,3621_run1_6PQG_1_rename_0030
-1.0,-1.0,3514_run1_6PQG_1_rename_0076
-1.0,-1.0,3467_run1_6PQG_1_rename_0370
-1.0,-1.0,3295_run1_6PQG_1_rename_0285
-1.0,-1.0,3375_run1_6PQG_1_rename_0390
-1.0,-1.0,3568_run1_6PQG_1_rename_0058
-1.0,-1.0,3457_run1_6PQG_1_rename_0347
-1.0,-1.0,3257_run1_6PQG_1_rename_0345
-1.0,-1.0,3508_run1_6PQG_1_rename_0326
-1.0,-1.0,3445_run1_6PQG_1_rename_0231
-1.0,-1.0,3512_run1_6PQG_1_rename_0095
-1.0,-1.0,3553_run1_6PQG_1_rename_0049
-1.0,-1.0,3693_run1_6PQG_1_rename_0010
-1.0,-1.0,3247_run1_6PQG_1_rename_0376
-1.0,-1.0,3241_run1_6PQG_1_rename_0169
-1.0,-1.0,3316_run1_6PQG_1_rename_0299
-1.0,-1.0,3278_run1_6PQG_1_rename_0397
-1.0,-1.0,3658_run1_6PQG_1_rename_0022
-1.0,-1.0,3346_run1_6PQG_1_rename_0322
-1.0,-1.0,3249_run1_6PQG_1_rename_0294
-1.0,-1.0,3582_run1_6PQG_1_rename_0086
-1.0,-1.0,3600_run1_6PQG_1_rename_0077
-1.0,-1.0,3553_run1_6PQG_1_rename_0057
-1.0,-1.0,3538_run1_6PQG_1_rename_0112
-1.0,-1.0,3609_run1_6PQG_1_rename_0099
-1.0,-1.0,3297_run1_6PQG_1_rename_0310
-1.0,-1.0,3272_run1_6PQG_1_rename_0367
-1.0,-1.0,3265_run1_6PQG_1_rename_0344
-1.0,-1.0,3710_run1_6PQG_1_rename_0028
-1.0,-1.0,3274_run1_6PQG_1_rename_0280
-1.0,-1.0,3568_run1_6PQG_1_rename_0108
-1.0,-1.0,3243_run1_6PQG_1_rename_0213
-1.0,-1.0,3585_run1_6PQG_1_rename_0133
-1.0,-1.0,3568_run1_6PQG_1_rename_0109
-1.0,-1.0,3566_run1_6PQG_1_rename_0093
-1.0,-1.0,3565_run1_6PQG_1_rename_0094
-1.0,-1.0,3554_run1_6PQG_1_rename_0235
-1.0,-1.0,3298_run1_6PQG_1_rename_0189
-1.0,-1.0,3641_run1_6PQG_1_rename_0129
-1.0,-1.0,3535_run1_6PQG_1_rename_0168
-1.0,-1.0,3517_run1_6PQG_1_rename_0231
-1.0,-1.0,3577_run1_6PQG_1_rename_0194
-1.0,-1.0,3539_run1_6PQG_1_rename_0093
-1.0,-1.0,3515_run1_6PQG_1_rename_0168
-1.0,-1.0,3541_run1_6PQG_1_rename_0110
-1.0,-1.0,3662_run1_6PQG_1_rename_0112
-1.0,-1.0,3286_run1_6PQG_1_rename_0286
-1.0,-1.0,3522_run1_6PQG_1_rename_0103
-1.0,-1.0,3757_run1_6PQG_1_rename_0002
-1.0,-1.0,3692_run1_6PQG_1_rename_0170
-1.0,-1.0,3688_run1_6PQG_1_rename_0045
-1.0,-1.0,3750_run1_6PQG_1_rename_0036
-1.0,-1.0,3668_run1_6PQG_1_rename_0112
-1.0,-1.0,3652_run1_6PQG_1_rename_0154
-1.0,-1.0,3302_run1_6PQG_1_rename_0298
-1.0,-1.0,3330_run1_6PQG_1_rename_0347
-1.0,-1.0,3550_run1_6PQG_1_rename_0188
-1.0,-1.0,3450_run1_6PQG_1_rename_0251
-1.0,-1.0,3464_run1_6PQG_1_rename_0352
-1.0,-1.0,3556_run1_6PQG_1_rename_0113
-1.0,-1.0,3250_run1_6PQG_1_rename_0393
-1.0,-1.0,3526_run1_6PQG_1_rename_0236
-1.0,-1.0,3741_run1_6PQG_1_rename_0136
-1.0,-1.0,3512_run1_6PQG_1_rename_0180
-1.0,-1.0,3639_run1_6PQG_1_rename_0099
-1.0,-1.0,3546_run1_6PQG_1_rename_0327
-1.0,-1.0,3781_run1_6PQG_1_rename_0035
-1.0,-1.0,3767_run1_6PQG_1_rename_0181
-1.0,-1.0,3524_run1_6PQG_1_rename_0253
-1.0,-1.0,3810_run1_6PQG_1_rename_0024
-1.0,-1.0,3557_run1_6PQG_1_rename_0188
-1.0,-1.0,3582_run1_6PQG_1_rename_0162
-1.0,-1.0,3619_run1_6PQG_1_rename_0335
-1.0,-1.0,3328_run1_6PQG_1_rename_0328
-1.0,-1.0,3758_run1_6PQG_1_rename_0396
-1.0,-1.0,3673_run1_6PQG_1_rename_0071
-1.0,-1.0,3677_run1_6PQG_1_rename_0200
-1.0,-1.0,3611_run1_6PQG_1_rename_0223
-1.0,-1.0,3450_run1_6PQG_1_rename_0315
-1.0,-1.0,3646_run1_6PQG_1_rename_0211
-1.0,-1.0,3243_run1_6PQG_1_rename_0287
-1.0,-1.0,3651_run1_6PQG_1_rename_0222
-1.0,-1.0,3284_run1_6PQG_1_rename_0374
-1.0,-1.0,3528_run1_6PQG_1_rename_0319
-1.0,-1.0,3655_run1_6PQG_1_rename_0140
-1.0,-1.0,3274_run1_6PQG_1_rename_0398
-1.0,-1.0,3854_run1_6PQG_1_rename_0032
-1.0,-1.0,3518_run1_6PQG_1_rename_0340
-1.0,-1.0,3664_run1_6PQG_1_rename_0259
-1.0,-1.0,3685_run1_6PQG_1_rename_0145
-1.0,-1.0,3797_run1_6PQG_1_rename_0197
-1.0,-1.0,3791_run1_6PQG_1_rename_0192
-1.0,-1.0,3778_run1_6PQG_1_rename_0374
-1.0,-1.0,3749_run1_6PQG_1_rename_0301
-1.0,-1.0,3582_run1_6PQG_1_rename_0223
-1.0,-1.0,3562_run1_6PQG_1_rename_0208
-1.0,-1.0,3857_run1_6PQG_1_rename_0117
-1.0,-1.0,3778_run1_6PQG_1_rename_0396
-1.0,-1.0,3855_run1_6PQG_1_rename_0075
-1.0,-1.0,3652_run1_6PQG_1_rename_0324
-1.0,-1.0,3658_run1_6PQG_1_rename_0134
-1.0,-1.0,3522_run1_6PQG_1_rename_0175
-1.0,-1.0,3606_run1_6PQG_1_rename_0295
-1.0,-1.0,3573_run1_6PQG_1_rename_0174
-1.0,-1.0,3450_run1_6PQG_1_rename_0388
-1.0,-1.0,3298_run1_6PQG_1_rename_0294
-1.0,-1.0,3829_run1_6PQG_1_rename_0198
-1.0,-1.0,3241_run1_6PQG_1_rename_0298
-1.0,-1.0,3638_run1_6PQG_1_rename_0236
-1.0,-1.0,3862_run1_6PQG_1_rename_0109
-1.0,-1.0,3916_run1_6PQG_1_rename_0034
-1.0,-1.0,3579_run1_6PQG_1_rename_0344
-1.0,-1.0,3744_run1_6PQG_1_rename_0359
-1.0,-1.0,3541_run1_6PQG_1_rename_0254
-1.0,-1.0,3632_run1_6PQG_1_rename_0354
-1.0,-1.0,3514_run1_6PQG_1_rename_0390
-1.0,-1.0,3954_run1_6PQG_1_rename_0017
-1.0,-1.0,3871_run1_6PQG_1_rename_0097
-1.0,-1.0,3668_run1_6PQG_1_rename_0292
-1.0,-1.0,3267_run1_6PQG_1_rename_0359
-1.0,-1.0,3836_run1_6PQG_1_rename_0298
-1.0,-1.0,3889_run1_6PQG_1_rename_0164
-1.0,-1.0,3900_run1_6PQG_1_rename_0182
-1.0,-1.0,3553_run1_6PQG_1_rename_0213
-1.0,-1.0,3820_run1_6PQG_1_rename_0267
-1.0,-1.0,3533_run1_6PQG_1_rename_0361
-1.0,-1.0,3547_run1_6PQG_1_rename_0299
-1.0,-1.0,3970_run1_6PQG_1_rename_0018
-1.0,-1.0,3851_run1_6PQG_1_rename_0186
-1.0,-1.0,3568_run1_6PQG_1_rename_0400
-1.0,-1.0,3897_run1_6PQG_1_rename_0157
-1.0,-1.0,4002_run1_6PQG_1_rename_0006
-1.0,-1.0,3298_run1_6PQG_1_rename_0334
-1.0,-1.0,3933_run1_6PQG_1_rename_0152
-1.0,-1.0,3537_run1_6PQG_1_rename_0225
-1.0,-1.0,3896_run1_6PQG_1_rename_0258
-1.0,-1.0,3765_run1_6PQG_1_rename_0256
-1.0,-1.0,3903_run1_6PQG_1_rename_0222
-1.0,-1.0,3523_run1_6PQG_1_rename_0355
-1.0,-1.0,4017_run1_6PQG_1_rename_0005
-1.0,-1.0,3982_run1_6PQG_1_rename_0057
-1.0,-1.0,3638_run1_6PQG_1_rename_0287
-1.0,-1.0,3539_run1_6PQG_1_rename_0211
-1.0,-1.0,3547_run1_6PQG_1_rename_0314
-1.0,-1.0,3545_run1_6PQG_1_rename_0340
-1.0,-1.0,3915_run1_6PQG_1_rename_0217
-1.0,-1.0,3607_run1_6PQG_1_rename_0304
-1.0,-1.0,3956_run1_6PQG_1_rename_0110
-1.0,-1.0,3851_run1_6PQG_1_rename_0233
-1.0,-1.0,3887_run1_6PQG_1_rename_0235
-1.0,-1.0,3865_run1_6PQG_1_rename_0359
-1.0,-1.0,3838_run1_6PQG_1_rename_0293
-1.0,-1.0,4038_run1_6PQG_1_rename_0008
-1.0,-1.0,3972_run1_6PQG_1_rename_0052
-1.0,-1.0,3917_run1_6PQG_1_rename_0265
-1.0,-1.0,3956_run1_6PQG_1_rename_0122
-1.0,-1.0,3933_run1_6PQG_1_rename_0294
-1.0,-1.0,3909_run1_6PQG_1_rename_0258
-1.0,-1.0,3673_run1_6PQG_1_rename_0160
-1.0,-1.0,4071_run1_6PQG_1_rename_0030
-1.0,-1.0,3555_run1_6PQG_1_rename_0266
-1.0,-1.0,4042_run1_6PQG_1_rename_0046
-1.0,-1.0,4022_run1_6PQG_1_rename_0111
-1.0,-1.0,3969_run1_6PQG_1_rename_0062
-1.0,-1.0,3963_run1_6PQG_1_rename_0049
-1.0,-1.0,4037_run1_6PQG_1_rename_0063
-1.0,-1.0,3668_run1_6PQG_1_rename_0376
-1.0,-1.0,4012_run1_6PQG_1_rename_0040
-1.0,-1.0,3565_run1_6PQG_1_rename_0234
-1.0,-1.0,3859_run1_6PQG_1_rename_0270
-1.0,-1.0,3519_run1_6PQG_1_rename_0293
-1.0,-1.0,3581_run1_6PQG_1_rename_0360
-1.0,-1.0,3766_run1_6PQG_1_rename_0284
-1.0,-1.0,3671_run1_6PQG_1_rename_0340
-1.0,-1.0,3979_run1_6PQG_1_rename_0088
-1.0,-1.0,3673_run1_6PQG_1_rename_0172
-1.0,-1.0,4129_run1_6PQG_1_rename_0019
-1.0,-1.0,3855_run1_6PQG_1_rename_0394
-1.0,-1.0,3688_run1_6PQG_1_rename_0247
-1.0,-1.0,3674_run1_6PQG_1_rename_0344
-1.0,-1.0,3985_run1_6PQG_1_rename_0069
-1.0,-1.0,4023_run1_6PQG_1_rename_0072
-1.0,-1.0,3943_run1_6PQG_1_rename_0177
-1.0,-1.0,4082_run1_6PQG_1_rename_0103
-1.0,-1.0,4003_run1_6PQG_1_rename_0128
-1.0,-1.0,3869_run1_6PQG_1_rename_0384
-1.0,-1.0,3990_run1_6PQG_1_rename_0079
-1.0,-1.0,4038_run1_6PQG_1_rename_0059
-1.0,-1.0,3944_run1_6PQG_1_rename_0192
-1.0,-1.0,4019_run1_6PQG_1_rename_0246
-1.0,-1.0,3573_run1_6PQG_1_rename_0280
-1.0,-1.0,4173_run1_6PQG_1_rename_0024
-1.0,-1.0,3984_run1_6PQG_1_rename_0209
-1.0,-1.0,4143_run1_6PQG_1_rename_0046
-1.0,-1.0,4069_run1_6PQG_1_rename_0266
-1.0,-1.0,3994_run1_6PQG_1_rename_0222
-1.0,-1.0,4078_run1_6PQG_1_rename_0129
-1.0,-1.0,4152_run1_6PQG_1_rename_0229
-1.0,-1.0,3960_run1_6PQG_1_rename_0363
-1.0,-1.0,3964_run1_6PQG_1_rename_0121
-1.0,-1.0,3979_run1_6PQG_1_rename_0144
-1.0,-1.0,3649_run1_6PQG_1_rename_0319
-1.0,-1.0,4036_run1_6PQG_1_rename_0143
-1.0,-1.0,4141_run1_6PQG_1_rename_0074
-1.0,-1.0,4204_run1_6PQG_1_rename_0029
-1.0,-1.0,3971_run1_6PQG_1_rename_0150
-1.0,-1.0,4044_run1_6PQG_1_rename_0142
-1.0,-1.0,4101_run1_6PQG_1_rename_0218
-1.0,-1.0,3541_run1_6PQG_1_rename_0383
-1.0,-1.0,4075_run1_6PQG_1_rename_0340
-1.0,-1.0,3283_run1_6PQG_1_rename_0392
-1.0,-1.0,3565_run1_6PQG_1_rename_0293
-1.0,-1.0,3991_run1_6PQG_1_rename_0171
-1.0,-1.0,4267_run1_6PQG_1_rename_0011
-1.0,-1.0,4233_run1_6PQG_1_rename_0004
-1.0,-1.0,3675_run1_6PQG_1_rename_0319
-1.0,-1.0,4271_run1_6PQG_1_rename_0006
-1.0,-1.0,3985_run1_6PQG_1_rename_0114
-1.0,-1.0,4170_run1_6PQG_1_rename_0291
-1.0,-1.0,3972_run1_6PQG_1_rename_0212
-1.0,-1.0,3990_run1_6PQG_1_rename_0166
-1.0,-1.0,4077_run1_6PQG_1_rename_0321
-1.0,-1.0,4303_run1_6PQG_1_rename_0010
-1.0,-1.0,3943_run1_6PQG_1_rename_0258
-1.0,-1.0,4306_run1_6PQG_1_rename_0025
-1.0,-1.0,4240_run1_6PQG_1_rename_0034
-1.0,-1.0,4239_run1_6PQG_1_rename_0039
-1.0,-1.0,4050_run1_6PQG_1_rename_0386
-1.0,-1.0,4254_run1_6PQG_1_rename_0036
-1.0,-1.0,4182_run1_6PQG_1_rename_0368
-1.0,-1.0,4375_run1_6PQG_1_rename_0003
-1.0,-1.0,4258_run1_6PQG_1_rename_0048
-1.0,-1.0,4264_run1_6PQG_1_rename_0192
-1.0,-1.0,4302_run1_6PQG_1_rename_0135
-1.0,-1.0,4370_run1_6PQG_1_rename_0031
-1.0,-1.0,4306_run1_6PQG_1_rename_0078
-1.0,-1.0,3961_run1_6PQG_1_rename_0273
-1.0,-1.0,4060_run1_6PQG_1_rename_0354
-1.0,-1.0,4275_run1_6PQG_1_rename_0096
-1.0,-1.0,3993_run1_6PQG_1_rename_0225
-1.0,-1.0,4268_run1_6PQG_1_rename_0086
-1.0,-1.0,4433_run1_6PQG_1_rename_0013
-1.0,-1.0,4261_run1_6PQG_1_rename_0073
-1.0,-1.0,4033_run1_6PQG_1_rename_0303
-1.0,-1.0,4236_run1_6PQG_1_rename_0053
-1.0,-1.0,4383_run1_6PQG_1_rename_0064
-1.0,-1.0,4427_run1_6PQG_1_rename_0010
-1.0,-1.0,4251_run1_6PQG_1_rename_0120
-1.0,-1.0,3565_run1_6PQG_1_rename_0349
-1.0,-1.0,4256_run1_6PQG_1_rename_0067
-1.0,-1.0,4383_run1_6PQG_1_rename_0074
-1.0,-1.0,4275_run1_6PQG_1_rename_0110
-1.0,-1.0,4293_run1_6PQG_1_rename_0160
-1.0,-1.0,4038_run1_6PQG_1_rename_0188
-1.0,-1.0,4419_run1_6PQG_1_rename_0043
-1.0,-1.0,4394_run1_6PQG_1_rename_0069
-1.0,-1.0,4278_run1_6PQG_1_rename_0161
-1.0,-1.0,4274_run1_6PQG_1_rename_0241
-1.0,-1.0,4366_run1_6PQG_1_rename_0065
-1.0,-1.0,4326_run1_6PQG_1_rename_0099
-1.0,-1.0,4306_run1_6PQG_1_rename_0134
-1.0,-1.0,3565_run1_6PQG_1_rename_0364
-1.0,-1.0,4359_run1_6PQG_1_rename_0082
-1.0,-1.0,4361_run1_6PQG_1_rename_0071
-1.0,-1.0,4379_run1_6PQG_1_rename_0057
-1.0,-1.0,4444_run1_6PQG_1_rename_0056
-1.0,-1.0,4249_run1_6PQG_1_rename_0158
-1.0,-1.0,4272_run1_6PQG_1_rename_0132
-1.0,-1.0,4239_run1_6PQG_1_rename_0161
-1.0,-1.0,4234_run1_6PQG_1_rename_0171
-1.0,-1.0,4482_run1_6PQG_1_rename_0054
-1.0,-1.0,3987_run1_6PQG_1_rename_0293
-1.0,-1.0,4458_run1_6PQG_1_rename_0084
-1.0,-1.0,4511_run1_6PQG_1_rename_0022
-1.0,-1.0,4031_run1_6PQG_1_rename_0396
-1.0,-1.0,3979_run1_6PQG_1_rename_0380
-1.0,-1.0,4234_run1_6PQG_1_rename_0183
-1.0,-1.0,4240_run1_6PQG_1_rename_0096
-1.0,-1.0,4312_run1_6PQG_1_rename_0237
-1.0,-1.0,4376_run1_6PQG_1_rename_0102
-1.0,-1.0,4274_run1_6PQG_1_rename_0363
-1.0,-1.0,3979_run1_6PQG_1_rename_0389
-1.0,-1.0,4482_run1_6PQG_1_rename_0100
-1.0,-1.0,4293_run1_6PQG_1_rename_0310
-1.0,-1.0,4232_run1_6PQG_1_rename_0106
-1.0,-1.0,4404_run1_6PQG_1_rename_0114
-1.0,-1.0,4242_run1_6PQG_1_rename_0109
-1.0,-1.0,4316_run1_6PQG_1_rename_0340
-1.0,-1.0,4528_run1_6PQG_1_rename_0035
-1.0,-1.0,4519_run1_6PQG_1_rename_0036
-1.0,-1.0,4543_run1_6PQG_1_rename_0011
-1.0,-1.0,4422_run1_6PQG_1_rename_0107
-1.0,-1.0,4322_run1_6PQG_1_rename_0226
-1.0,-1.0,4544_run1_6PQG_1_rename_0005
-1.0,-1.0,4252_run1_6PQG_1_rename_0214
-1.0,-1.0,4331_run1_6PQG_1_rename_0197
-1.0,-1.0,4446_run1_6PQG_1_rename_0131
-1.0,-1.0,4455_run1_6PQG_1_rename_0156
-1.0,-1.0,4324_run1_6PQG_1_rename_0197
-1.0,-1.0,4522_run1_6PQG_1_rename_0117
-1.0,-1.0,4300_run1_6PQG_1_rename_0270
-1.0,-1.0,3962_run1_6PQG_1_rename_0233
-1.0,-1.0,4551_run1_6PQG_1_rename_0023
-1.0,-1.0,4472_run1_6PQG_1_rename_0188
-1.0,-1.0,4489_run1_6PQG_1_rename_0091
-1.0,-1.0,4448_run1_6PQG_1_rename_0134
-1.0,-1.0,3673_run1_6PQG_1_rename_0361
-1.0,-1.0,4420_run1_6PQG_1_rename_0148
-1.0,-1.0,4444_run1_6PQG_1_rename_0144
-1.0,-1.0,4409_run1_6PQG_1_rename_0235
-1.0,-1.0,4424_run1_6PQG_1_rename_0158
-1.0,-1.0,4250_run1_6PQG_1_rename_0254
-1.0,-1.0,4339_run1_6PQG_1_rename_0171
-1.0,-1.0,4461_run1_6PQG_1_rename_0149
-1.0,-1.0,4038_run1_6PQG_1_rename_0310
-1.0,-1.0,4491_run1_6PQG_1_rename_0100
-1.0,-1.0,4478_run1_6PQG_1_rename_0175
-1.0,-1.0,4234_run1_6PQG_1_rename_0278
-1.0,-1.0,4411_run1_6PQG_1_rename_0243
-1.0,-1.0,4269_run1_6PQG_1_rename_0198
-1.0,-1.0,4306_run1_6PQG_1_rename_0325
-1.0,-1.0,4484_run1_6PQG_1_rename_0150
-1.0,-1.0,4484_run1_6PQG_1_rename_0153
-1.0,-1.0,3985_run1_6PQG_1_rename_0317
-1.0,-1.0,4422_run1_6PQG_1_rename_0172
-1.0,-1.0,4407_run1_6PQG_1_rename_0213
-1.0,-1.0,4286_run1_6PQG_1_rename_0324
-1.0,-1.0,4342_run1_6PQG_1_rename_0308
-1.0,-1.0,4321_run1_6PQG_1_rename_0255
-1.0,-1.0,4328_run1_6PQG_1_rename_0252
-1.0,-1.0,4445_run1_6PQG_1_rename_0291
-1.0,-1.0,4272_run1_6PQG_1_rename_0263
-1.0,-1.0,4254_run1_6PQG_1_rename_0232
-1.0,-1.0,4300_run1_6PQG_1_rename_0354
-1.0,-1.0,4547_run1_6PQG_1_rename_0106
-1.0,-1.0,4390_run1_6PQG_1_rename_0348
-1.0,-1.0,4401_run1_6PQG_1_rename_0279
-1.0,-1.0,4288_run1_6PQG_1_rename_0313
-1.0,-1.0,4322_run1_6PQG_1_rename_0321
-1.0,-1.0,4269_run1_6PQG_1_rename_0239
-1.0,-1.0,4386_run1_6PQG_1_rename_0274
-1.0,-1.0,4518_run1_6PQG_1_rename_0217
-1.0,-1.0,4361_run1_6PQG_1_rename_0193
-1.0,-1.0,3543_run1_6PQG_1_rename_0339
-1.0,-1.0,4503_run1_6PQG_1_rename_0288
-1.0,-1.0,4038_run1_6PQG_1_rename_0375
-1.0,-1.0,4617_run1_6PQG_1_rename_0030
-1.0,-1.0,4516_run1_6PQG_1_rename_0238
-1.0,-1.0,4427_run1_6PQG_1_rename_0175
-1.0,-1.0,4422_run1_6PQG_1_rename_0213
-1.0,-1.0,4414_run1_6PQG_1_rename_0349
-1.0,-1.0,4443_run1_6PQG_1_rename_0395
-1.0,-1.0,4481_run1_6PQG_1_rename_0199
-1.0,-1.0,4579_run1_6PQG_1_rename_0337
-1.0,-1.0,4505_run1_6PQG_1_rename_0321
-1.0,-1.0,4258_run1_6PQG_1_rename_0272
-1.0,-1.0,4491_run1_6PQG_1_rename_0175
-1.0,-1.0,4629_run1_6PQG_1_rename_0079
-1.0,-1.0,4504_run1_6PQG_1_rename_0332
-1.0,-1.0,4525_run1_6PQG_1_rename_0367
-1.0,-1.0,4567_run1_6PQG_1_rename_0321
-1.0,-1.0,4261_run1_6PQG_1_rename_0270
-1.0,-1.0,4385_run1_6PQG_1_rename_0349
-1.0,-1.0,4426_run1_6PQG_1_rename_0304
-1.0,-1.0,4504_run1_6PQG_1_rename_0338
-1.0,-1.0,4472_run1_6PQG_1_rename_0391
-1.0,-1.0,4344_run1_6PQG_1_rename_0400
-1.0,-1.0,4436_run1_6PQG_1_rename_0226
-1.0,-1.0,4607_run1_6PQG_1_rename_0164
-1.0,-1.0,4336_run1_6PQG_1_rename_0286
-1.0,-1.0,4582_run1_6PQG_1_rename_0384
-1.0,-1.0,4664_run1_6PQG_1_rename_0056
-1.0,-1.0,4444_run1_6PQG_1_rename_0278
-1.0,-1.0,4614_run1_6PQG_1_rename_0201
-1.0,-1.0,4504_run1_6PQG_1_rename_0366
-1.0,-1.0,4644_run1_6PQG_1_rename_0182
-1.0,-1.0,4620_run1_6PQG_1_rename_0179
-1.0,-1.0,4692_run1_6PQG_1_rename_0009
-1.0,-1.0,4547_run1_6PQG_1_rename_0195
-1.0,-1.0,4650_run1_6PQG_1_rename_0170
-1.0,-1.0,4705_run1_6PQG_1_rename_0019
-1.0,-1.0,4644_run1_6PQG_1_rename_0220
-1.0,-1.0,4725_run1_6PQG_1_rename_0010
-1.0,-1.0,4438_run1_6PQG_1_rename_0297
-1.0,-1.0,4656_run1_6PQG_1_rename_0194
-1.0,-1.0,4728_run1_6PQG_1_rename_0027
-1.0,-1.0,4757_run1_6PQG_1_rename_0008
-1.0,-1.0,4499_run1_6PQG_1_rename_0264
-1.0,-1.0,4550_run1_6PQG_1_rename_0253
-1.0,-1.0,4366_run1_6PQG_1_rename_0335
-1.0,-1.0,4337_run1_6PQG_1_rename_0366
-1.0,-1.0,4725_run1_6PQG_1_rename_0024
-1.0,-1.0,4236_run1_6PQG_1_rename_0274
-1.0,-1.0,4656_run1_6PQG_1_rename_0277
-1.0,-1.0,4709_run1_6PQG_1_rename_0109
-1.0,-1.0,4361_run1_6PQG_1_rename_0273
-1.0,-1.0,4743_run1_6PQG_1_rename_0052
-1.0,-1.0,4679_run1_6PQG_1_rename_0120
-1.0,-1.0,4754_run1_6PQG_1_rename_0038
-1.0,-1.0,4806_run1_6PQG_1_rename_0012
-1.0,-1.0,4231_run1_6PQG_1_rename_0246
-1.0,-1.0,4558_run1_6PQG_1_rename_0282
-1.0,-1.0,4753_run1_6PQG_1_rename_0060
-1.0,-1.0,4746_run1_6PQG_1_rename_0050
-1.0,-1.0,4640_run1_6PQG_1_rename_0395
-1.0,-1.0,4688_run1_6PQG_1_rename_0095
-1.0,-1.0,4693_run1_6PQG_1_rename_0139
-1.0,-1.0,4748_run1_6PQG_1_rename_0074
-1.0,-1.0,4809_run1_6PQG_1_rename_0055
-1.0,-1.0,4336_run1_6PQG_1_rename_0363
-1.0,-1.0,4917_run1_6PQG_1_rename_0013
-1.0,-1.0,4364_run1_6PQG_1_rename_0328
-1.0,-1.0,4928_run1_6PQG_1_rename_0010
-1.0,-1.0,4819_run1_6PQG_1_rename_0083
-1.0,-1.0,4765_run1_6PQG_1_rename_0097
-1.0,-1.0,4519_run1_6PQG_1_rename_0354
-1.0,-1.0,4824_run1_6PQG_1_rename_0115
-1.0,-1.0,4863_run1_6PQG_1_rename_0091
-1.0,-1.0,4788_run1_6PQG_1_rename_0107
-1.0,-1.0,4856_run1_6PQG_1_rename_0107
-1.0,-1.0,4541_run1_6PQG_1_rename_0309
-1.0,-1.0,4749_run1_6PQG_1_rename_0122
-1.0,-1.0,4926_run1_6PQG_1_rename_0054
-1.0,-1.0,4925_run1_6PQG_1_rename_0104
-1.0,-1.0,4849_run1_6PQG_1_rename_0055
-1.0,-1.0,4689_run1_6PQG_1_rename_0178
-1.0,-1.0,4240_run1_6PQG_1_rename_0352
-1.0,-1.0,4773_run1_6PQG_1_rename_0247
-1.0,-1.0,4874_run1_6PQG_1_rename_0101
-1.0,-1.0,4877_run1_6PQG_1_rename_0090
-1.0,-1.0,4750_run1_6PQG_1_rename_0154
-1.0,-1.0,4843_run1_6PQG_1_rename_0177
-1.0,-1.0,4752_run1_6PQG_1_rename_0137
-1.0,-1.0,4697_run1_6PQG_1_rename_0146
-1.0,-1.0,4797_run1_6PQG_1_rename_0135
-1.0,-1.0,4874_run1_6PQG_1_rename_0121
-1.0,-1.0,4819_run1_6PQG_1_rename_0158
-1.0,-1.0,4691_run1_6PQG_1_rename_0218
-1.0,-1.0,4712_run1_6PQG_1_rename_0311
-1.0,-1.0,4685_run1_6PQG_1_rename_0104
-1.0,-1.0,4752_run1_6PQG_1_rename_0148
-1.0,-1.0,4685_run1_6PQG_1_rename_0109
-1.0,-1.0,4934_run1_6PQG_1_rename_0158
-1.0,-1.0,4889_run1_6PQG_1_rename_0127
-1.0,-1.0,4793_run1_6PQG_1_rename_0194
-1.0,-1.0,4926_run1_6PQG_1_rename_0165
-1.0,-1.0,4837_run1_6PQG_1_rename_0157
-1.0,-1.0,4866_run1_6PQG_1_rename_0123
-1.0,-1.0,4926_run1_6PQG_1_rename_0180
-1.0,-1.0,4797_run1_6PQG_1_rename_0157
-1.0,-1.0,4800_run1_6PQG_1_rename_0192
-1.0,-1.0,4753_run1_6PQG_1_rename_0195
-1.0,-1.0,4868_run1_6PQG_1_rename_0176
-1.0,-1.0,4845_run1_6PQG_1_rename_0183
-1.0,-1.0,4916_run1_6PQG_1_rename_0261
-1.0,-1.0,4721_run1_6PQG_1_rename_0138
-1.0,-1.0,4700_run1_6PQG_1_rename_0190
-1.0,-1.0,4689_run1_6PQG_1_rename_0239
-1.0,-1.0,4865_run1_6PQG_1_rename_0120
-1.0,-1.0,4709_run1_6PQG_1_rename_0392
-1.0,-1.0,4869_run1_6PQG_1_rename_0214
-1.0,-1.0,4701_run1_6PQG_1_rename_0278
-1.0,-1.0,4785_run1_6PQG_1_rename_0114
-1.0,-1.0,4700_run1_6PQG_1_rename_0214
-1.0,-1.0,4855_run1_6PQG_1_rename_0341
-1.0,-1.0,4989_run1_6PQG_1_rename_0133
-1.0,-1.0,4700_run1_6PQG_1_rename_0221
-1.0,-1.0,4820_run1_6PQG_1_rename_0202
-1.0,-1.0,4789_run1_6PQG_1_rename_0176
-1.0,-1.0,4782_run1_6PQG_1_rename_0235
-1.0,-1.0,4848_run1_6PQG_1_rename_0242
-1.0,-1.0,4685_run1_6PQG_1_rename_0146
-1.0,-1.0,4710_run1_6PQG_1_rename_0356
-1.0,-1.0,4789_run1_6PQG_1_rename_0177
-1.0,-1.0,5047_run1_6PQG_1_rename_0008
-1.0,-1.0,4700_run1_6PQG_1_rename_0234
-1.0,-1.0,4766_run1_6PQG_1_rename_0213
-1.0,-1.0,4781_run1_6PQG_1_rename_0200
-1.0,-1.0,5025_run1_6PQG_1_rename_0044
-1.0,-1.0,4732_run1_6PQG_1_rename_0235
-1.0,-1.0,4809_run1_6PQG_1_rename_0264
-1.0,-1.0,4681_run1_6PQG_1_rename_0289
-1.0,-1.0,4965_run1_6PQG_1_rename_0204
-1.0,-1.0,4688_run1_6PQG_1_rename_0261
-1.0,-1.0,4921_run1_6PQG_1_rename_0358
-1.0,-1.0,4837_run1_6PQG_1_rename_0272
-1.0,-1.0,4865_run1_6PQG_1_rename_0188
-1.0,-1.0,5050_run1_6PQG_1_rename_0035
-1.0,-1.0,5072_run1_6PQG_1_rename_0020
-1.0,-1.0,5088_run1_6PQG_1_rename_0023
-1.0,-1.0,4725_run1_6PQG_1_rename_0181
-1.0,-1.0,5043_run1_6PQG_1_rename_0040
-1.0,-1.0,5110_run1_6PQG_1_rename_0004
-1.0,-1.0,4727_run1_6PQG_1_rename_0265
-1.0,-1.0,4847_run1_6PQG_1_rename_0293
-1.0,-1.0,4846_run1_6PQG_1_rename_0160
-1.0,-1.0,4978_run1_6PQG_1_rename_0349
-1.0,-1.0,4685_run1_6PQG_1_rename_0194
-1.0,-1.0,4909_run1_6PQG_1_rename_0359
-1.0,-1.0,4849_run1_6PQG_1_rename_0190
-1.0,-1.0,5115_run1_6PQG_1_rename_0021
-1.0,-1.0,5174_run1_6PQG_1_rename_0006
-1.0,-1.0,5164_run1_6PQG_1_rename_0014
-1.0,-1.0,5040_run1_6PQG_1_rename_0324
-1.0,-1.0,5153_run1_6PQG_1_rename_0037
-1.0,-1.0,4737_run1_6PQG_1_rename_0300
-1.0,-1.0,4700_run1_6PQG_1_rename_0297
-1.0,-1.0,4758_run1_6PQG_1_rename_0287
-1.0,-1.0,4869_run1_6PQG_1_rename_0340
-1.0,-1.0,5097_run1_6PQG_1_rename_0049
-1.0,-1.0,5127_run1_6PQG_1_rename_0036
-1.0,-1.0,5231_run1_6PQG_1_rename_0003
-1.0,-1.0,4878_run1_6PQG_1_rename_0321
-1.0,-1.0,4692_run1_6PQG_1_rename_0291
-1.0,-1.0,4849_run1_6PQG_1_rename_0214
-1.0,-1.0,5169_run1_6PQG_1_rename_0041
-1.0,-1.0,4906_run1_6PQG_1_rename_0238
-1.0,-1.0,5113_run1_6PQG_1_rename_0049
-1.0,-1.0,4732_run1_6PQG_1_rename_0308
-1.0,-1.0,5050_run1_6PQG_1_rename_0101
-1.0,-1.0,4789_run1_6PQG_1_rename_0277
-1.0,-1.0,4965_run1_6PQG_1_rename_0367
-1.0,-1.0,4905_run1_6PQG_1_rename_0320
-1.0,-1.0,4889_run1_6PQG_1_rename_0385
-1.0,-1.0,4917_run1_6PQG_1_rename_0305
-1.0,-1.0,5266_run1_6PQG_1_rename_0005
-1.0,-1.0,4885_run1_6PQG_1_rename_0345
-1.0,-1.0,4918_run1_6PQG_1_rename_0298
-1.0,-1.0,5055_run1_6PQG_1_rename_0074
-1.0,-1.0,5242_run1_6PQG_1_rename_0047
-1.0,-1.0,5172_run1_6PQG_1_rename_0061
-1.0,-1.0,4825_run1_6PQG_1_rename_0377
-1.0,-1.0,5210_run1_6PQG_1_rename_0031
-1.0,-1.0,5254_run1_6PQG_1_rename_0031
-1.0,-1.0,4749_run1_6PQG_1_rename_0366
-1.0,-1.0,5037_run1_6PQG_1_rename_0378
-1.0,-1.0,5062_run1_6PQG_1_rename_0140
-1.0,-1.0,5134_run1_6PQG_1_rename_0126
-1.0,-1.0,5260_run1_6PQG_1_rename_0048
-1.0,-1.0,5225_run1_6PQG_1_rename_0038
-1.0,-1.0,4846_run1_6PQG_1_rename_0204
-1.0,-1.0,5270_run1_6PQG_1_rename_0026
-1.0,-1.0,5114_run1_6PQG_1_rename_0081
-1.0,-1.0,4760_run1_6PQG_1_rename_0291
-1.0,-1.0,5292_run1_6PQG_1_rename_0018
-1.0,-1.0,5276_run1_6PQG_1_rename_0010
-1.0,-1.0,5098_run1_6PQG_1_rename_0112
-1.0,-1.0,5250_run1_6PQG_1_rename_0032
-1.0,-1.0,5054_run1_6PQG_1_rename_0119
-1.0,-1.0,5125_run1_6PQG_1_rename_0119
-1.0,-1.0,5284_run1_6PQG_1_rename_0066
-1.0,-1.0,5294_run1_6PQG_1_rename_0040
-1.0,-1.0,5222_run1_6PQG_1_rename_0065
-1.0,-1.0,5054_run1_6PQG_1_rename_0122
-1.0,-1.0,4745_run1_6PQG_1_rename_0259
-1.0,-1.0,5105_run1_6PQG_1_rename_0108
-1.0,-1.0,5075_run1_6PQG_1_rename_0204
-1.0,-1.0,5138_run1_6PQG_1_rename_0202
-1.0,-1.0,5104_run1_6PQG_1_rename_0119
-1.0,-1.0,5132_run1_6PQG_1_rename_0144
-1.0,-1.0,5309_run1_6PQG_1_rename_0049
-1.0,-1.0,4789_run1_6PQG_1_rename_0338
-1.0,-1.0,5115_run1_6PQG_1_rename_0114
-1.0,-1.0,5081_run1_6PQG_1_rename_0177
-1.0,-1.0,5172_run1_6PQG_1_rename_0139
-1.0,-1.0,5235_run1_6PQG_1_rename_0098
-1.0,-1.0,5299_run1_6PQG_1_rename_0126
-1.0,-1.0,5070_run1_6PQG_1_rename_0147
-1.0,-1.0,5229_run1_6PQG_1_rename_0151
-1.0,-1.0,5327_run1_6PQG_1_rename_0061
-1.0,-1.0,4725_run1_6PQG_1_rename_0258
-1.0,-1.0,4686_run1_6PQG_1_rename_0275
-1.0,-1.0,5208_run1_6PQG_1_rename_0160
-1.0,-1.0,5225_run1_6PQG_1_rename_0108
-1.0,-1.0,5225_run1_6PQG_1_rename_0125
-1.0,-1.0,5229_run1_6PQG_1_rename_0170
-1.0,-1.0,4806_run1_6PQG_1_rename_0273
-1.0,-1.0,5252_run1_6PQG_1_rename_0168
-1.0,-1.0,5104_run1_6PQG_1_rename_0147
-1.0,-1.0,5167_run1_6PQG_1_rename_0145
-1.0,-1.0,5235_run1_6PQG_1_rename_0119
-1.0,-1.0,5103_run1_6PQG_1_rename_0224
-1.0,-1.0,4785_run1_6PQG_1_rename_0289
-1.0,-1.0,5142_run1_6PQG_1_rename_0199
-1.0,-1.0,5115_run1_6PQG_1_rename_0137
-1.0,-1.0,5287_run1_6PQG_1_rename_0291
-1.0,-1.0,5285_run1_6PQG_1_rename_0131
-1.0,-1.0,5276_run1_6PQG_1_rename_0074
-1.0,-1.0,5087_run1_6PQG_1_rename_0153
-1.0,-1.0,4685_run1_6PQG_1_rename_0268
-1.0,-1.0,5045_run1_6PQG_1_rename_0197
-1.0,-1.0,5292_run1_6PQG_1_rename_0199
-1.0,-1.0,5120_run1_6PQG_1_rename_0220
-1.0,-1.0,4721_run1_6PQG_1_rename_0319
-1.0,-1.0,5270_run1_6PQG_1_rename_0087
-1.0,-1.0,5052_run1_6PQG_1_rename_0197
-1.0,-1.0,5339_run1_6PQG_1_rename_0113
-1.0,-1.0,5245_run1_6PQG_1_rename_0210
-1.0,-1.0,4726_run1_6PQG_1_rename_0394
-1.0,-1.0,5172_run1_6PQG_1_rename_0204
-1.0,-1.0,5165_run1_6PQG_1_rename_0133
-1.0,-1.0,5161_run1_6PQG_1_rename_0108
-1.0,-1.0,5046_run1_6PQG_1_rename_0245
-1.0,-1.0,5072_run1_6PQG_1_rename_0288
-1.0,-1.0,5284_run1_6PQG_1_rename_0296
-1.0,-1.0,5055_run1_6PQG_1_rename_0175
-1.0,-1.0,5050_run1_6PQG_1_rename_0207
-1.0,-1.0,5090_run1_6PQG_1_rename_0135
-1.0,-1.0,4846_run1_6PQG_1_rename_0294
-1.0,-1.0,5112_run1_6PQG_1_rename_0218
-1.0,-1.0,5225_run1_6PQG_1_rename_0172
-1.0,-1.0,5165_run1_6PQG_1_rename_0144
-1.0,-1.0,5114_run1_6PQG_1_rename_0205
-1.0,-1.0,5207_run1_6PQG_1_rename_0199
-1.0,-1.0,5283_run1_6PQG_1_rename_0364
-1.0,-1.0,5212_run1_6PQG_1_rename_0267
-1.0,-1.0,5101_run1_6PQG_1_rename_0131
-1.0,-1.0,5050_run1_6PQG_1_rename_0213
-1.0,-1.0,5372_run1_6PQG_1_rename_0019
-1.0,-1.0,5110_run1_6PQG_1_rename_0154
-1.0,-1.0,5281_run1_6PQG_1_rename_0231
-1.0,-1.0,4785_run1_6PQG_1_rename_0322
-1.0,-1.0,5214_run1_6PQG_1_rename_0187
-1.0,-1.0,5210_run1_6PQG_1_rename_0121
-1.0,-1.0,4785_run1_6PQG_1_rename_0328
-1.0,-1.0,5330_run1_6PQG_1_rename_0203
-1.0,-1.0,5348_run1_6PQG_1_rename_0248
-1.0,-1.0,5055_run1_6PQG_1_rename_0196
-1.0,-1.0,5352_run1_6PQG_1_rename_0132
-1.0,-1.0,4849_run1_6PQG_1_rename_0379
-1.0,-1.0,5267_run1_6PQG_1_rename_0274
-1.0,-1.0,5341_run1_6PQG_1_rename_0241
-1.0,-1.0,5046_run1_6PQG_1_rename_0296
-1.0,-1.0,5232_run1_6PQG_1_rename_0285
-1.0,-1.0,5412_run1_6PQG_1_rename_0007
-1.0,-1.0,5280_run1_6PQG_1_rename_0125
-1.0,-1.0,5062_run1_6PQG_1_rename_0331
-1.0,-1.0,5211_run1_6PQG_1_rename_0220
-1.0,-1.0,5350_run1_6PQG_1_rename_0177
-1.0,-1.0,5125_run1_6PQG_1_rename_0338
-1.0,-1.0,5352_run1_6PQG_1_rename_0190
-1.0,-1.0,5176_run1_6PQG_1_rename_0272
-1.0,-1.0,5357_run1_6PQG_1_rename_0247
-1.0,-1.0,5166_run1_6PQG_1_rename_0365
-1.0,-1.0,5211_run1_6PQG_1_rename_0234
-1.0,-1.0,5055_run1_6PQG_1_rename_0206
-1.0,-1.0,5161_run1_6PQG_1_rename_0159
-1.0,-1.0,4685_run1_6PQG_1_rename_0340
-1.0,-1.0,5165_run1_6PQG_1_rename_0198
-1.0,-1.0,5167_run1_6PQG_1_rename_0275
-1.0,-1.0,5269_run1_6PQG_1_rename_0296
-1.0,-1.0,5414_run1_6PQG_1_rename_0038
-1.0,-1.0,5400_run1_6PQG_1_rename_0219
-1.0,-1.0,4685_run1_6PQG_1_rename_0342
-1.0,-1.0,5462_run1_6PQG_1_rename_0023
-1.0,-1.0,5235_run1_6PQG_1_rename_0283
-1.0,-1.0,5426_run1_6PQG_1_rename_0035
-1.0,-1.0,5167_run1_6PQG_1_rename_0280
-1.0,-1.0,5390_run1_6PQG_1_rename_0168
-1.0,-1.0,5279_run1_6PQG_1_rename_0283
-1.0,-1.0,5443_run1_6PQG_1_rename_0043
-1.0,-1.0,5471_run1_6PQG_1_rename_0027
-1.0,-1.0,5174_run1_6PQG_1_rename_0282
-1.0,-1.0,5511_run1_6PQG_1_rename_0014
-1.0,-1.0,5041_run1_6PQG_1_rename_0257
-1.0,-1.0,5516_run1_6PQG_1_rename_0006
-1.0,-1.0,5146_run1_6PQG_1_rename_0158
-1.0,-1.0,5071_run1_6PQG_1_rename_0390
-1.0,-1.0,5104_run1_6PQG_1_rename_0265
-1.0,-1.0,5101_run1_6PQG_1_rename_0183
-1.0,-1.0,5174_run1_6PQG_1_rename_0287
-1.0,-1.0,5503_run1_6PQG_1_rename_0009
-1.0,-1.0,5505_run1_6PQG_1_rename_0023
-1.0,-1.0,5221_run1_6PQG_1_rename_0331
-1.0,-1.0,5535_run1_6PQG_1_rename_0005
-1.0,-1.0,5087_run1_6PQG_1_rename_0259
-1.0,-1.0,5121_run1_6PQG_1_rename_0355
-1.0,-1.0,5523_run1_6PQG_1_rename_0039
-1.0,-1.0,5041_run1_6PQG_1_rename_0271
-1.0,-1.0,5161_run1_6PQG_1_rename_0184
-1.0,-1.0,5457_run1_6PQG_1_rename_0079
-1.0,-1.0,5222_run1_6PQG_1_rename_0313
-1.0,-1.0,5165_run1_6PQG_1_rename_0236
-1.0,-1.0,5439_run1_6PQG_1_rename_0096
-1.0,-1.0,5055_run1_6PQG_1_rename_0240
-1.0,-1.0,5583_run1_6PQG_1_rename_0014
-1.0,-1.0,5467_run1_6PQG_1_rename_0097
-1.0,-1.0,5580_run1_6PQG_1_rename_0018
-1.0,-1.0,5578_run1_6PQG_1_rename_0008
-1.0,-1.0,5046_run1_6PQG_1_rename_0365
-1.0,-1.0,5180_run1_6PQG_1_rename_0384
-1.0,-1.0,5206_run1_6PQG_1_rename_0299
-1.0,-1.0,5174_run1_6PQG_1_rename_0323
-1.0,-1.0,5095_run1_6PQG_1_rename_0296
-1.0,-1.0,5410_run1_6PQG_1_rename_0131
-1.0,-1.0,5402_run1_6PQG_1_rename_0131
-1.0,-1.0,5434_run1_6PQG_1_rename_0118
-1.0,-1.0,5465_run1_6PQG_1_rename_0121
-1.0,-1.0,5280_run1_6PQG_1_rename_0233
-1.0,-1.0,5087_run1_6PQG_1_rename_0294
-1.0,-1.0,5591_run1_6PQG_1_rename_0014
-1.0,-1.0,5087_run1_6PQG_1_rename_0295
-1.0,-1.0,5389_run1_6PQG_1_rename_0255
-1.0,-1.0,5516_run1_6PQG_1_rename_0083
-1.0,-1.0,5475_run1_6PQG_1_rename_0071
-1.0,-1.0,5165_run1_6PQG_1_rename_0257
-1.0,-1.0,5400_run1_6PQG_1_rename_0286
-1.0,-1.0,5050_run1_6PQG_1_rename_0359
-1.0,-1.0,5524_run1_6PQG_1_rename_0087
-1.0,-1.0,5412_run1_6PQG_1_rename_0112
-1.0,-1.0,5171_run1_6PQG_1_rename_0313
-1.0,-1.0,5467_run1_6PQG_1_rename_0134
-1.0,-1.0,5571_run1_6PQG_1_rename_0046
-1.0,-1.0,5412_run1_6PQG_1_rename_0115
-1.0,-1.0,5429_run1_6PQG_1_rename_0126
-1.0,-1.0,5647_run1_6PQG_1_rename_0014
-1.0,-1.0,5104_run1_6PQG_1_rename_0319
-1.0,-1.0,5594_run1_6PQG_1_rename_0029
-1.0,-1.0,5089_run1_6PQG_1_rename_0269
-1.0,-1.0,5275_run1_6PQG_1_rename_0345
-1.0,-1.0,5404_run1_6PQG_1_rename_0164
-1.0,-1.0,5165_run1_6PQG_1_rename_0271
-1.0,-1.0,5087_run1_6PQG_1_rename_0326
-1.0,-1.0,5538_run1_6PQG_1_rename_0123
-1.0,-1.0,5041_run1_6PQG_1_rename_0318
-1.0,-1.0,5171_run1_6PQG_1_rename_0345
-1.0,-1.0,5114_run1_6PQG_1_rename_0385
-1.0,-1.0,5655_run1_6PQG_1_rename_0079
-1.0,-1.0,5590_run1_6PQG_1_rename_0097
-1.0,-1.0,5105_run1_6PQG_1_rename_0355
-1.0,-1.0,5270_run1_6PQG_1_rename_0287
-1.0,-1.0,5413_run1_6PQG_1_rename_0158
-1.0,-1.0,5206_run1_6PQG_1_rename_0383
-1.0,-1.0,5534_run1_6PQG_1_rename_0114
-1.0,-1.0,5149_run1_6PQG_1_rename_0349
-1.0,-1.0,5580_run1_6PQG_1_rename_0097
-1.0,-1.0,5463_run1_6PQG_1_rename_0138
-1.0,-1.0,5526_run1_6PQG_1_rename_0228
-1.0,-1.0,5115_run1_6PQG_1_rename_0374
-1.0,-1.0,5565_run1_6PQG_1_rename_0152
-1.0,-1.0,5466_run1_6PQG_1_rename_0200
-1.0,-1.0,5165_run1_6PQG_1_rename_0316
-1.0,-1.0,5545_run1_6PQG_1_rename_0136
-1.0,-1.0,5272_run1_6PQG_1_rename_0400
-1.0,-1.0,5538_run1_6PQG_1_rename_0173
-1.0,-1.0,5619_run1_6PQG_1_rename_0116
-1.0,-1.0,5622_run1_6PQG_1_rename_0118
-1.0,-1.0,5473_run1_6PQG_1_rename_0137
-1.0,-1.0,5604_run1_6PQG_1_rename_0134
-1.0,-1.0,5041_run1_6PQG_1_rename_0364
-1.0,-1.0,5452_run1_6PQG_1_rename_0212
-1.0,-1.0,5637_run1_6PQG_1_rename_0126
-1.0,-1.0,5465_run1_6PQG_1_rename_0247
-1.0,-1.0,5505_run1_6PQG_1_rename_0130
-1.0,-1.0,5632_run1_6PQG_1_rename_0126
-1.0,-1.0,5101_run1_6PQG_1_rename_0273
-1.0,-1.0,5619_run1_6PQG_1_rename_0161
-1.0,-1.0,5512_run1_6PQG_1_rename_0189
-1.0,-1.0,5408_run1_6PQG_1_rename_0251
-1.0,-1.0,5590_run1_6PQG_1_rename_0179
-1.0,-1.0,5055_run1_6PQG_1_rename_0330
-1.0,-1.0,5403_run1_6PQG_1_rename_0325
-1.0,-1.0,5550_run1_6PQG_1_rename_0247
-1.0,-1.0,5106_run1_6PQG_1_rename_0368
-1.0,-1.0,5529_run1_6PQG_1_rename_0211
-1.0,-1.0,5616_run1_6PQG_1_rename_0215
-1.0,-1.0,5550_run1_6PQG_1_rename_0252
-1.0,-1.0,5592_run1_6PQG_1_rename_0166
-1.0,-1.0,5493_run1_6PQG_1_rename_0224
-1.0,-1.0,5530_run1_6PQG_1_rename_0313
-1.0,-1.0,5626_run1_6PQG_1_rename_0174
-1.0,-1.0,5581_run1_6PQG_1_rename_0277
-1.0,-1.0,5633_run1_6PQG_1_rename_0167
-1.0,-1.0,5433_run1_6PQG_1_rename_0276
-1.0,-1.0,5696_run1_6PQG_1_rename_0225
-1.0,-1.0,5550_run1_6PQG_1_rename_0266
-1.0,-1.0,5175_run1_6PQG_1_rename_0387
-1.0,-1.0,5461_run1_6PQG_1_rename_0245
-1.0,-1.0,5557_run1_6PQG_1_rename_0277
-1.0,-1.0,5410_run1_6PQG_1_rename_0316
-1.0,-1.0,5411_run1_6PQG_1_rename_0300
-1.0,-1.0,5055_run1_6PQG_1_rename_0354
-1.0,-1.0,5528_run1_6PQG_1_rename_0326
-1.0,-1.0,5674_run1_6PQG_1_rename_0331
-1.0,-1.0,5692_run1_6PQG_1_rename_0251
-1.0,-1.0,5565_run1_6PQG_1_rename_0256
-1.0,-1.0,5552_run1_6PQG_1_rename_0279
-1.0,-1.0,5111_run1_6PQG_1_rename_0350
-1.0,-1.0,5532_run1_6PQG_1_rename_0216
-1.0,-1.0,5613_run1_6PQG_1_rename_0247
-1.0,-1.0,5536_run1_6PQG_1_rename_0318
-1.0,-1.0,5415_run1_6PQG_1_rename_0197
-1.0,-1.0,5270_run1_6PQG_1_rename_0382
-1.0,-1.0,5734_run1_6PQG_1_rename_0059
-1.0,-1.0,5581_run1_6PQG_1_rename_0338
-1.0,-1.0,5423_run1_6PQG_1_rename_0297
-1.0,-1.0,5639_run1_6PQG_1_rename_0245
-1.0,-1.0,5458_run1_6PQG_1_rename_0224
-1.0,-1.0,5469_run1_6PQG_1_rename_0333
-1.0,-1.0,5776_run1_6PQG_1_rename_0008
-1.0,-1.0,5626_run1_6PQG_1_rename_0261
-1.0,-1.0,5270_run1_6PQG_1_rename_0391
-1.0,-1.0,5591_run1_6PQG_1_rename_0292
-1.0,-1.0,5746_run1_6PQG_1_rename_0136
-1.0,-1.0,5411_run1_6PQG_1_rename_0356
-1.0,-1.0,5415_run1_6PQG_1_rename_0227
-1.0,-1.0,5470_run1_6PQG_1_rename_0344
-1.0,-1.0,5628_run1_6PQG_1_rename_0365
-1.0,-1.0,5848_run1_6PQG_1_rename_0003
-1.0,-1.0,5488_run1_6PQG_1_rename_0237
-1.0,-1.0,5797_run1_6PQG_1_rename_0038
-1.0,-1.0,5714_run1_6PQG_1_rename_0343
-1.0,-1.0,5713_run1_6PQG_1_rename_0361
-1.0,-1.0,5506_run1_6PQG_1_rename_0346
-1.0,-1.0,5805_run1_6PQG_1_rename_0035
-1.0,-1.0,5595_run1_6PQG_1_rename_0258
-1.0,-1.0,5428_run1_6PQG_1_rename_0289
-1.0,-1.0,5492_run1_6PQG_1_rename_0300
-1.0,-1.0,5161_run1_6PQG_1_rename_0356
-1.0,-1.0,5933_run1_6PQG_1_rename_0008
-1.0,-1.0,5836_run1_6PQG_1_rename_0049
-1.0,-1.0,5936_run1_6PQG_1_rename_0001
-1.0,-1.0,5415_run1_6PQG_1_rename_0253
-1.0,-1.0,5924_run1_6PQG_1_rename_0019
-1.0,-1.0,5933_run1_6PQG_1_rename_0020
-1.0,-1.0,5741_run1_6PQG_1_rename_0392
-1.0,-1.0,5949_run1_6PQG_1_rename_0017
-1.0,-1.0,5877_run1_6PQG_1_rename_0061
-1.0,-1.0,5489_run1_6PQG_1_rename_0311
-1.0,-1.0,5772_run1_6PQG_1_rename_0115
-1.0,-1.0,5866_run1_6PQG_1_rename_0047
-1.0,-1.0,5816_run1_6PQG_1_rename_0083
-1.0,-1.0,5609_run1_6PQG_1_rename_0373
-1.0,-1.0,5565_run1_6PQG_1_rename_0377
-1.0,-1.0,5101_run1_6PQG_1_rename_0362
-1.0,-1.0,5878_run1_6PQG_1_rename_0054
-1.0,-1.0,6000_run1_6PQG_1_rename_0008
-1.0,-1.0,5809_run1_6PQG_1_rename_0124
-1.0,-1.0,5609_run1_6PQG_1_rename_0377
-1.0,-1.0,5821_run1_6PQG_1_rename_0083
-1.0,-1.0,5920_run1_6PQG_1_rename_0080
-1.0,-1.0,5496_run1_6PQG_1_rename_0395
-1.0,-1.0,5905_run1_6PQG_1_rename_0107
-1.0,-1.0,5413_run1_6PQG_1_rename_0370
-1.0,-1.0,5595_run1_6PQG_1_rename_0322
-1.0,-1.0,5090_run1_6PQG_1_rename_0395
-1.0,-1.0,5463_run1_6PQG_1_rename_0392
-1.0,-1.0,5502_run1_6PQG_1_rename_0398
-1.0,-1.0,5822_run1_6PQG_1_rename_0108
-1.0,-1.0,5883_run1_6PQG_1_rename_0116
-1.0,-1.0,5534_run1_6PQG_1_rename_0362
-1.0,-1.0,5761_run1_6PQG_1_rename_0140
-1.0,-1.0,6025_run1_6PQG_1_rename_0096
-1.0,-1.0,5958_run1_6PQG_1_rename_0141
-1.0,-1.0,5101_run1_6PQG_1_rename_0379
-1.0,-1.0,5844_run1_6PQG_1_rename_0194
-1.0,-1.0,5501_run1_6PQG_1_rename_0350
-1.0,-1.0,5920_run1_6PQG_1_rename_0100
-1.0,-1.0,5850_run1_6PQG_1_rename_0224
-1.0,-1.0,5858_run1_6PQG_1_rename_0100
-1.0,-1.0,5532_run1_6PQG_1_rename_0380
-1.0,-1.0,5814_run1_6PQG_1_rename_0104
-1.0,-1.0,5961_run1_6PQG_1_rename_0102
-1.0,-1.0,6009_run1_6PQG_1_rename_0247
-1.0,-1.0,5904_run1_6PQG_1_rename_0178
-1.0,-1.0,5475_run1_6PQG_1_rename_0301
-1.0,-1.0,5784_run1_6PQG_1_rename_0262
-1.0,-1.0,5979_run1_6PQG_1_rename_0099
-1.0,-1.0,6051_run1_6PQG_1_rename_0059
-1.0,-1.0,6069_run1_6PQG_1_rename_0008
-1.0,-1.0,6015_run1_6PQG_1_rename_0253
-1.0,-1.0,5794_run1_6PQG_1_rename_0325
-1.0,-1.0,5867_run1_6PQG_1_rename_0197
-1.0,-1.0,6025_run1_6PQG_1_rename_0298
-1.0,-1.0,5794_run1_6PQG_1_rename_0328
-1.0,-1.0,5911_run1_6PQG_1_rename_0303
-1.0,-1.0,6046_run1_6PQG_1_rename_0129
-1.0,-1.0,5812_run1_6PQG_1_rename_0134
-1.0,-1.0,5928_run1_6PQG_1_rename_0113
-1.0,-1.0,5956_run1_6PQG_1_rename_0243
-1.0,-1.0,6400_run1_6PQG_1_rename_0009
-1.0,-1.0,5840_run1_6PQG_1_rename_0197
-1.0,-1.0,6099_run1_6PQG_1_rename_0025
-1.0,-1.0,5871_run1_6PQG_1_rename_0157
-1.0,-1.0,5773_run1_6PQG_1_rename_0306
-1.0,-1.0,5864_run1_6PQG_1_rename_0266
-1.0,-1.0,5829_run1_6PQG_1_rename_0182
-1.0,-1.0,5767_run1_6PQG_1_rename_0343
-1.0,-1.0,5978_run1_6PQG_1_rename_0154
-1.0,-1.0,5992_run1_6PQG_1_rename_0159
-1.0,-1.0,6144_run1_6PQG_1_rename_0008
-1.0,-1.0,5820_run1_6PQG_1_rename_0251
-1.0,-1.0,6155_run1_6PQG_1_rename_0014
-1.0,-1.0,5840_run1_6PQG_1_rename_0267
-1.0,-1.0,6123_run1_6PQG_1_rename_0036
-1.0,-1.0,5813_run1_6PQG_1_rename_0241
-1.0,-1.0,6169_run1_6PQG_1_rename_0028
-1.0,-1.0,6108_run1_6PQG_1_rename_0186
-1.0,-1.0,6194_run1_6PQG_1_rename_0011
-1.0,-1.0,6102_run1_6PQG_1_rename_0230
-1.0,-1.0,5870_run1_6PQG_1_rename_0214
-1.0,-1.0,5925_run1_6PQG_1_rename_0307
-1.0,-1.0,6143_run1_6PQG_1_rename_0024
-1.0,-1.0,5988_run1_6PQG_1_rename_0299
-1.0,-1.0,6132_run1_6PQG_1_rename_0037
-1.0,-1.0,6140_run1_6PQG_1_rename_0052
-1.0,-1.0,5972_run1_6PQG_1_rename_0398
-1.0,-1.0,5809_run1_6PQG_1_rename_0340
-1.0,-1.0,6095_run1_6PQG_1_rename_0393
-1.0,-1.0,5997_run1_6PQG_1_rename_0271
-1.0,-1.0,6218_run1_6PQG_1_rename_0056
-1.0,-1.0,6060_run1_6PQG_1_rename_0382
-1.0,-1.0,6142_run1_6PQG_1_rename_0044
-1.0,-1.0,6288_run1_6PQG_1_rename_0022
-1.0,-1.0,5848_run1_6PQG_1_rename_0339
-1.0,-1.0,6283_run1_6PQG_1_rename_0006
-1.0,-1.0,6329_run1_6PQG_1_rename_0008
-1.0,-1.0,6250_run1_6PQG_1_rename_0031
-1.0,-1.0,5817_run1_6PQG_1_rename_0264
-1.0,-1.0,6256_run1_6PQG_1_rename_0031
-1.0,-1.0,5860_run1_6PQG_1_rename_0292
-1.0,-1.0,5927_run1_6PQG_1_rename_0314
-1.0,-1.0,5825_run1_6PQG_1_rename_0312
-1.0,-1.0,6198_run1_6PQG_1_rename_0089
-1.0,-1.0,6306_run1_6PQG_1_rename_0043
-1.0,-1.0,6287_run1_6PQG_1_rename_0037
-1.0,-1.0,6203_run1_6PQG_1_rename_0050
-1.0,-1.0,6158_run1_6PQG_1_rename_0136
-1.0,-1.0,5836_run1_6PQG_1_rename_0334
-1.0,-1.0,6301_run1_6PQG_1_rename_0057
-1.0,-1.0,5786_run1_6PQG_1_rename_0399
-1.0,-1.0,5812_run1_6PQG_1_rename_0245
-1.0,-1.0,6228_run1_6PQG_1_rename_0090
-1.0,-1.0,5932_run1_6PQG_1_rename_0327
-1.0,-1.0,5933_run1_6PQG_1_rename_0378
-1.0,-1.0,6206_run1_6PQG_1_rename_0136
-1.0,-1.0,6292_run1_6PQG_1_rename_0127
-1.0,-1.0,5762_run1_6PQG_1_rename_0371
-1.0,-1.0,6219_run1_6PQG_1_rename_0180
-1.0,-1.0,6300_run1_6PQG_1_rename_0074
-1.0,-1.0,6140_run1_6PQG_1_rename_0151
-1.0,-1.0,6330_run1_6PQG_1_rename_0130
-1.0,-1.0,6135_run1_6PQG_1_rename_0196
-1.0,-1.0,5989_run1_6PQG_1_rename_0399
-1.0,-1.0,6290_run1_6PQG_1_rename_0123
-1.0,-1.0,6136_run1_6PQG_1_rename_0122
-1.0,-1.0,6312_run1_6PQG_1_rename_0103
-1.0,-1.0,5858_run1_6PQG_1_rename_0367
-1.0,-1.0,6395_run1_6PQG_1_rename_0069
-1.0,-1.0,6411_run1_6PQG_1_rename_0017
-1.0,-1.0,6193_run1_6PQG_1_rename_0147
-1.0,-1.0,6134_run1_6PQG_1_rename_0172
-1.0,-1.0,6401_run1_6PQG_1_rename_0038
-1.0,-1.0,6194_run1_6PQG_1_rename_0147
-1.0,-1.0,6315_run1_6PQG_1_rename_0141
-1.0,-1.0,5817_run1_6PQG_1_rename_0379
-1.0,-1.0,6145_run1_6PQG_1_rename_0213
-1.0,-1.0,6320_run1_6PQG_1_rename_0147
-1.0,-1.0,5828_run1_6PQG_1_rename_0311
-1.0,-1.0,6236_run1_6PQG_1_rename_0180
-1.0,-1.0,6352_run1_6PQG_1_rename_0150
-1.0,-1.0,6423_run1_6PQG_1_rename_0052
-1.0,-1.0,6211_run1_6PQG_1_rename_0249
-1.0,-1.0,6429_run1_6PQG_1_rename_0019
-1.0,-1.0,6410_run1_6PQG_1_rename_0107
-1.0,-1.0,6148_run1_6PQG_1_rename_0164
-1.0,-1.0,6419_run1_6PQG_1_rename_0066
-1.0,-1.0,6240_run1_6PQG_1_rename_0156
-1.0,-1.0,6206_run1_6PQG_1_rename_0233
-1.0,-1.0,6275_run1_6PQG_1_rename_0151
-1.0,-1.0,6385_run1_6PQG_1_rename_0152
-1.0,-1.0,6238_run1_6PQG_1_rename_0177
-1.0,-1.0,6129_run1_6PQG_1_rename_0249
-1.0,-1.0,5992_run1_6PQG_1_rename_0386
-1.0,-1.0,6265_run1_6PQG_1_rename_0200
-1.0,-1.0,6274_run1_6PQG_1_rename_0179
-1.0,-1.0,5865_run1_6PQG_1_rename_0381
-1.0,-1.0,6217_run1_6PQG_1_rename_0307
-1.0,-1.0,6196_run1_6PQG_1_rename_0164
-1.0,-1.0,6289_run1_6PQG_1_rename_0197
-1.0,-1.0,6220_run1_6PQG_1_rename_0215
-1.0,-1.0,6158_run1_6PQG_1_rename_0298
-1.0,-1.0,6326_run1_6PQG_1_rename_0280
-1.0,-1.0,6352_run1_6PQG_1_rename_0214
-1.0,-1.0,6439_run1_6PQG_1_rename_0064
-1.0,-1.0,6279_run1_6PQG_1_rename_0301
-1.0,-1.0,6269_run1_6PQG_1_rename_0325
-1.0,-1.0,6145_run1_6PQG_1_rename_0279
-1.0,-1.0,6217_run1_6PQG_1_rename_0357
-1.0,-1.0,6262_run1_6PQG_1_rename_0158
-1.0,-1.0,6419_run1_6PQG_1_rename_0196
-1.0,-1.0,6300_run1_6PQG_1_rename_0176
-1.0,-1.0,6313_run1_6PQG_1_rename_0256
-1.0,-1.0,6466_run1_6PQG_1_rename_0028
-1.0,-1.0,6288_run1_6PQG_1_rename_0197
-1.0,-1.0,6450_run1_6PQG_1_rename_0153
-1.0,-1.0,6275_run1_6PQG_1_rename_0195
-1.0,-1.0,5872_run1_6PQG_1_rename_0368
-1.0,-1.0,6383_run1_6PQG_1_rename_0296
-1.0,-1.0,6231_run1_6PQG_1_rename_0285
-1.0,-1.0,6329_run1_6PQG_1_rename_0246
-1.0,-1.0,6217_run1_6PQG_1_rename_0391
-1.0,-1.0,6122_run1_6PQG_1_rename_0363
-1.0,-1.0,6363_run1_6PQG_1_rename_0349
-1.0,-1.0,5880_run1_6PQG_1_rename_0376
-1.0,-1.0,6437_run1_6PQG_1_rename_0246
-1.0,-1.0,6494_run1_6PQG_1_rename_0054
-1.0,-1.0,6478_run1_6PQG_1_rename_0037
-1.0,-1.0,6460_run1_6PQG_1_rename_0148
-1.0,-1.0,6268_run1_6PQG_1_rename_0335
-1.0,-1.0,6144_run1_6PQG_1_rename_0178
-1.0,-1.0,6555_run1_6PQG_1_rename_0005
-1.0,-1.0,6419_run1_6PQG_1_rename_0290
-1.0,-1.0,6194_run1_6PQG_1_rename_0290
-1.0,-1.0,6289_run1_6PQG_1_rename_0315
-1.0,-1.0,6146_run1_6PQG_1_rename_0357
-1.0,-1.0,6470_run1_6PQG_1_rename_0154
-1.0,-1.0,6556_run1_6PQG_1_rename_0075
-1.0,-1.0,6172_run1_6PQG_1_rename_0370
-1.0,-1.0,6204_run1_6PQG_1_rename_0223
-1.0,-1.0,6172_run1_6PQG_1_rename_0391
-1.0,-1.0,6262_run1_6PQG_1_rename_0229
-1.0,-1.0,6334_run1_6PQG_1_rename_0298
-1.0,-1.0,6142_run1_6PQG_1_rename_0233
-1.0,-1.0,6447_run1_6PQG_1_rename_0326
-1.0,-1.0,6180_run1_6PQG_1_rename_0333
-1.0,-1.0,6303_run1_6PQG_1_rename_0259
-1.0,-1.0,6606_run1_6PQG_1_rename_0086
-1.0,-1.0,6447_run1_6PQG_1_rename_0344
-1.0,-1.0,6496_run1_6PQG_1_rename_0225
-1.0,-1.0,6255_run1_6PQG_1_rename_0296
-1.0,-1.0,6360_run1_6PQG_1_rename_0294
-1.0,-1.0,6228_run1_6PQG_1_rename_0356
-1.0,-1.0,6703_run1_6PQG_1_rename_0033
-1.0,-1.0,6620_run1_6PQG_1_rename_0183
-1.0,-1.0,6602_run1_6PQG_1_rename_0227
-1.0,-1.0,6705_run1_6PQG_1_rename_0060
-1.0,-1.0,6193_run1_6PQG_1_rename_0316
-1.0,-1.0,6575_run1_6PQG_1_rename_0346
-1.0,-1.0,6729_run1_6PQG_1_rename_0078
-1.0,-1.0,6643_run1_6PQG_1_rename_0079
-1.0,-1.0,6691_run1_6PQG_1_rename_0058
-1.0,-1.0,6138_run1_6PQG_1_rename_0291
-1.0,-1.0,6723_run1_6PQG_1_rename_0107
-1.0,-1.0,6251_run1_6PQG_1_rename_0332
-1.0,-1.0,6132_run1_6PQG_1_rename_0342
-1.0,-1.0,6751_run1_6PQG_1_rename_0037
-1.0,-1.0,6210_run1_6PQG_1_rename_0400
-1.0,-1.0,6180_run1_6PQG_1_rename_0396
-1.0,-1.0,6799_run1_6PQG_1_rename_0047
-1.0,-1.0,6720_run1_6PQG_1_rename_0144
-1.0,-1.0,6774_run1_6PQG_1_rename_0053
-1.0,-1.0,6235_run1_6PQG_1_rename_0399
-1.0,-1.0,6529_run1_6PQG_1_rename_0173
-1.0,-1.0,6698_run1_6PQG_1_rename_0105
-1.0,-1.0,6535_run1_6PQG_1_rename_0262
-1.0,-1.0,6771_run1_6PQG_1_rename_0103
-1.0,-1.0,6804_run1_6PQG_1_rename_0102
-1.0,-1.0,6855_run1_6PQG_1_rename_0002
-1.0,-1.0,6632_run1_6PQG_1_rename_0121
-1.0,-1.0,6602_run1_6PQG_1_rename_0379
-1.0,-1.0,6793_run1_6PQG_1_rename_0125
-1.0,-1.0,6819_run1_6PQG_1_rename_0071
-1.0,-1.0,6686_run1_6PQG_1_rename_0124
-1.0,-1.0,6742_run1_6PQG_1_rename_0233
-1.0,-1.0,6837_run1_6PQG_1_rename_0092
-1.0,-1.0,6740_run1_6PQG_1_rename_0252
-1.0,-1.0,6846_run1_6PQG_1_rename_0074
-1.0,-1.0,6743_run1_6PQG_1_rename_0350
-1.0,-1.0,6547_run1_6PQG_1_rename_0295
-1.0,-1.0,6739_run1_6PQG_1_rename_0197
-1.0,-1.0,6921_run1_6PQG_1_rename_0002
-1.0,-1.0,6844_run1_6PQG_1_rename_0071
-1.0,-1.0,6196_run1_6PQG_1_rename_0345
-1.0,-1.0,6749_run1_6PQG_1_rename_0257
-1.0,-1.0,6917_run1_6PQG_1_rename_0030
-1.0,-1.0,6486_run1_6PQG_1_rename_0358
-1.0,-1.0,6765_run1_6PQG_1_rename_0241
-1.0,-1.0,6913_run1_6PQG_1_rename_0023
-1.0,-1.0,6915_run1_6PQG_1_rename_0030
-1.0,-1.0,6548_run1_6PQG_1_rename_0393
-1.0,-1.0,6896_run1_6PQG_1_rename_0078
-1.0,-1.0,6941_run1_6PQG_1_rename_0028
-1.0,-1.0,6805_run1_6PQG_1_rename_0350
-1.0,-1.0,6969_run1_6PQG_1_rename_0022
-1.0,-1.0,6634_run1_6PQG_1_rename_0340
-1.0,-1.0,6976_run1_6PQG_1_rename_0027
-1.0,-1.0,6190_run1_6PQG_1_rename_0384
-1.0,-1.0,6949_run1_6PQG_1_rename_0049
-1.0,-1.0,6892_run1_6PQG_1_rename_0096
-1.0,-1.0,6792_run1_6PQG_1_rename_0373
-1.0,-1.0,6936_run1_6PQG_1_rename_0051
-1.0,-1.0,6787_run1_6PQG_1_rename_0260
-1.0,-1.0,6967_run1_6PQG_1_rename_0025
-1.0,-1.0,6999_run1_6PQG_1_rename_0060
-1.0,-1.0,6821_run1_6PQG_1_rename_0324
-1.0,-1.0,6942_run1_6PQG_1_rename_0049
-1.0,-1.0,6190_run1_6PQG_1_rename_0400
-1.0,-1.0,6696_run1_6PQG_1_rename_0246
-1.0,-1.0,6938_run1_6PQG_1_rename_0062
-1.0,-1.0,6933_run1_6PQG_1_rename_0104
-1.0,-1.0,6915_run1_6PQG_1_rename_0064
-1.0,-1.0,6960_run1_6PQG_1_rename_0104
-1.0,-1.0,6964_run1_6PQG_1_rename_0032
-1.0,-1.0,6961_run1_6PQG_1_rename_0062
-1.0,-1.0,6921_run1_6PQG_1_rename_0110
-1.0,-1.0,6972_run1_6PQG_1_rename_0030
-1.0,-1.0,6935_run1_6PQG_1_rename_0118
-1.0,-1.0,6899_run1_6PQG_1_rename_0160
-1.0,-1.0,6913_run1_6PQG_1_rename_0065
-1.0,-1.0,6698_run1_6PQG_1_rename_0383
-1.0,-1.0,6826_run1_6PQG_1_rename_0321
-1.0,-1.0,6819_run1_6PQG_1_rename_0304
-1.0,-1.0,6989_run1_6PQG_1_rename_0184
-1.0,-1.0,7064_run1_6PQG_1_rename_0044
-1.0,-1.0,6928_run1_6PQG_1_rename_0088
-1.0,-1.0,6916_run1_6PQG_1_rename_0082
-1.0,-1.0,6638_run1_6PQG_1_rename_0376
-1.0,-1.0,6694_run1_6PQG_1_rename_0259
-1.0,-1.0,6916_run1_6PQG_1_rename_0085
-1.0,-1.0,6652_run1_6PQG_1_rename_0371
-1.0,-1.0,6980_run1_6PQG_1_rename_0136
-1.0,-1.0,6631_run1_6PQG_1_rename_0318
-1.0,-1.0,7130_run1_6PQG_1_rename_0001
-1.0,-1.0,6916_run1_6PQG_1_rename_0090
-1.0,-1.0,7090_run1_6PQG_1_rename_0072
-1.0,-1.0,7133_run1_6PQG_1_rename_0003
-1.0,-1.0,6898_run1_6PQG_1_rename_0199
-1.0,-1.0,7105_run1_6PQG_1_rename_0051
-1.0,-1.0,7120_run1_6PQG_1_rename_0026
-1.0,-1.0,6837_run1_6PQG_1_rename_0371
-1.0,-1.0,7063_run1_6PQG_1_rename_0115
-1.0,-1.0,7157_run1_6PQG_1_rename_0006
-1.0,-1.0,7065_run1_6PQG_1_rename_0174
-1.0,-1.0,7159_run1_6PQG_1_rename_0009
-1.0,-1.0,6933_run1_6PQG_1_rename_0172
-1.0,-1.0,7063_run1_6PQG_1_rename_0151
-1.0,-1.0,6892_run1_6PQG_1_rename_0191
-1.0,-1.0,6875_run1_6PQG_1_rename_0335
-1.0,-1.0,7037_run1_6PQG_1_rename_0209
-1.0,-1.0,7109_run1_6PQG_1_rename_0081
-1.0,-1.0,6995_run1_6PQG_1_rename_0297
-1.0,-1.0,7191_run1_6PQG_1_rename_0001
-1.0,-1.0,6961_run1_6PQG_1_rename_0131
-1.0,-1.0,7132_run1_6PQG_1_rename_0071
-1.0,-1.0,7110_run1_6PQG_1_rename_0151
-1.0,-1.0,7063_run1_6PQG_1_rename_0174
-1.0,-1.0,6961_run1_6PQG_1_rename_0135
-1.0,-1.0,7137_run1_6PQG_1_rename_0077
-1.0,-1.0,7138_run1_6PQG_1_rename_0106
-1.0,-1.0,6914_run1_6PQG_1_rename_0125
-1.0,-1.0,7212_run1_6PQG_1_rename_0009
-1.0,-1.0,6693_run1_6PQG_1_rename_0341
-1.0,-1.0,7063_run1_6PQG_1_rename_0204
-1.0,-1.0,7148_run1_6PQG_1_rename_0129
-1.0,-1.0,7168_run1_6PQG_1_rename_0113
-1.0,-1.0,7096_run1_6PQG_1_rename_0213
-1.0,-1.0,7191_run1_6PQG_1_rename_0072
-1.0,-1.0,6872_run1_6PQG_1_rename_0359
-1.0,-1.0,7176_run1_6PQG_1_rename_0064
-1.0,-1.0,6922_run1_6PQG_1_rename_0174
-1.0,-1.0,7084_run1_6PQG_1_rename_0207
-1.0,-1.0,6964_run1_6PQG_1_rename_0104
-1.0,-1.0,7148_run1_6PQG_1_rename_0194
-1.0,-1.0,6964_run1_6PQG_1_rename_0107
-1.0,-1.0,6923_run1_6PQG_1_rename_0218
-1.0,-1.0,7168_run1_6PQG_1_rename_0161
-1.0,-1.0,7183_run1_6PQG_1_rename_0089
-1.0,-1.0,6972_run1_6PQG_1_rename_0101
-1.0,-1.0,6926_run1_6PQG_1_rename_0132
-1.0,-1.0,7143_run1_6PQG_1_rename_0093
-1.0,-1.0,7118_run1_6PQG_1_rename_0227
-1.0,-1.0,6975_run1_6PQG_1_rename_0154
-1.0,-1.0,6913_run1_6PQG_1_rename_0160
-1.0,-1.0,6962_run1_6PQG_1_rename_0119
-1.0,-1.0,6977_run1_6PQG_1_rename_0218
-1.0,-1.0,6932_run1_6PQG_1_rename_0303
-1.0,-1.0,6976_run1_6PQG_1_rename_0166
-1.0,-1.0,7061_run1_6PQG_1_rename_0252
-1.0,-1.0,7257_run1_6PQG_1_rename_0037
-1.0,-1.0,7277_run1_6PQG_1_rename_0023
-1.0,-1.0,7151_run1_6PQG_1_rename_0186
-1.0,-1.0,7084_run1_6PQG_1_rename_0299
-1.0,-1.0,7167_run1_6PQG_1_rename_0196
-1.0,-1.0,6965_run1_6PQG_1_rename_0160
-1.0,-1.0,6974_run1_6PQG_1_rename_0252
-1.0,-1.0,6921_run1_6PQG_1_rename_0304
-1.0,-1.0,7135_run1_6PQG_1_rename_0203
-1.0,-1.0,6937_run1_6PQG_1_rename_0227
-1.0,-1.0,6916_run1_6PQG_1_rename_0185
-1.0,-1.0,7151_run1_6PQG_1_rename_0259
-1.0,-1.0,7285_run1_6PQG_1_rename_0075
-1.0,-1.0,6950_run1_6PQG_1_rename_0343
-1.0,-1.0,7287_run1_6PQG_1_rename_0062
-1.0,-1.0,7142_run1_6PQG_1_rename_0180
-1.0,-1.0,7304_run1_6PQG_1_rename_0032
-1.0,-1.0,7192_run1_6PQG_1_rename_0182
-1.0,-1.0,7152_run1_6PQG_1_rename_0290
-1.0,-1.0,6947_run1_6PQG_1_rename_0230
-1.0,-1.0,6929_run1_6PQG_1_rename_0289
-1.0,-1.0,6941_run1_6PQG_1_rename_0269
-1.0,-1.0,6924_run1_6PQG_1_rename_0231
-1.0,-1.0,7163_run1_6PQG_1_rename_0340
-1.0,-1.0,7107_run1_6PQG_1_rename_0392
-1.0,-1.0,6893_run1_6PQG_1_rename_0314
-1.0,-1.0,6926_run1_6PQG_1_rename_0206
-1.0,-1.0,7184_run1_6PQG_1_rename_0133
-1.0,-1.0,7130_run1_6PQG_1_rename_0374
-1.0,-1.0,7180_run1_6PQG_1_rename_0323
-1.0,-1.0,7188_run1_6PQG_1_rename_0167
-1.0,-1.0,7183_run1_6PQG_1_rename_0283
-1.0,-1.0,7282_run1_6PQG_1_rename_0199
-1.0,-1.0,7152_run1_6PQG_1_rename_0371
-1.0,-1.0,7188_run1_6PQG_1_rename_0174
-1.0,-1.0,7327_run1_6PQG_1_rename_0027
-1.0,-1.0,7308_run1_6PQG_1_rename_0213
-1.0,-1.0,7423_run1_6PQG_1_rename_0016
-1.0,-1.0,7273_run1_6PQG_1_rename_0155
-1.0,-1.0,7137_run1_6PQG_1_rename_0312
-1.0,-1.0,7202_run1_6PQG_1_rename_0290
-1.0,-1.0,6929_run1_6PQG_1_rename_0350
-1.0,-1.0,7419_run1_6PQG_1_rename_0060
-1.0,-1.0,6959_run1_6PQG_1_rename_0369
-1.0,-1.0,6946_run1_6PQG_1_rename_0367
-1.0,-1.0,7179_run1_6PQG_1_rename_0311
-1.0,-1.0,7300_run1_6PQG_1_rename_0118
-1.0,-1.0,6946_run1_6PQG_1_rename_0379
-1.0,-1.0,7422_run1_6PQG_1_rename_0096
-1.0,-1.0,7256_run1_6PQG_1_rename_0184
-1.0,-1.0,7473_run1_6PQG_1_rename_0001
-1.0,-1.0,6964_run1_6PQG_1_rename_0233
-1.0,-1.0,7132_run1_6PQG_1_rename_0334
-1.0,-1.0,6949_run1_6PQG_1_rename_0369
-1.0,-1.0,7140_run1_6PQG_1_rename_0309
-1.0,-1.0,7156_run1_6PQG_1_rename_0258
-1.0,-1.0,7433_run1_6PQG_1_rename_0159
-1.0,-1.0,7169_run1_6PQG_1_rename_0384
-1.0,-1.0,7409_run1_6PQG_1_rename_0200
-1.0,-1.0,7133_run1_6PQG_1_rename_0229
-1.0,-1.0,7447_run1_6PQG_1_rename_0135
-1.0,-1.0,7278_run1_6PQG_1_rename_0267
-1.0,-1.0,7491_run1_6PQG_1_rename_0005
-1.0,-1.0,7306_run1_6PQG_1_rename_0218
-1.0,-1.0,7294_run1_6PQG_1_rename_0166
-1.0,-1.0,7515_run1_6PQG_1_rename_0010
-1.0,-1.0,6967_run1_6PQG_1_rename_0202
-1.0,-1.0,7522_run1_6PQG_1_rename_0016
-1.0,-1.0,7183_run1_6PQG_1_rename_0380
-1.0,-1.0,7140_run1_6PQG_1_rename_0330
-1.0,-1.0,7192_run1_6PQG_1_rename_0352
-1.0,-1.0,7551_run1_6PQG_1_rename_0008
-1.0,-1.0,6926_run1_6PQG_1_rename_0258
-1.0,-1.0,7507_run1_6PQG_1_rename_0024
-1.0,-1.0,6937_run1_6PQG_1_rename_0384
-1.0,-1.0,7555_run1_6PQG_1_rename_0012
-1.0,-1.0,7550_run1_6PQG_1_rename_0015
-1.0,-1.0,7188_run1_6PQG_1_rename_0298
-1.0,-1.0,6916_run1_6PQG_1_rename_0311
-1.0,-1.0,7525_run1_6PQG_1_rename_0035
-1.0,-1.0,7317_run1_6PQG_1_rename_0222
-1.0,-1.0,6924_run1_6PQG_1_rename_0309
-1.0,-1.0,6963_run1_6PQG_1_rename_0319
-1.0,-1.0,7556_run1_6PQG_1_rename_0021
-1.0,-1.0,7525_run1_6PQG_1_rename_0042
-1.0,-1.0,7144_run1_6PQG_1_rename_0321
-1.0,-1.0,7409_run1_6PQG_1_rename_0368
-1.0,-1.0,7454_run1_6PQG_1_rename_0317
-1.0,-1.0,7140_run1_6PQG_1_rename_0372
-1.0,-1.0,7516_run1_6PQG_1_rename_0102
-1.0,-1.0,6965_run1_6PQG_1_rename_0295
-1.0,-1.0,7471_run1_6PQG_1_rename_0273
-1.0,-1.0,7656_run1_6PQG_1_rename_0020
-1.0,-1.0,7522_run1_6PQG_1_rename_0077
-1.0,-1.0,7528_run1_6PQG_1_rename_0059
-1.0,-1.0,7661_run1_6PQG_1_rename_0016
-1.0,-1.0,7287_run1_6PQG_1_rename_0287
-1.0,-1.0,7517_run1_6PQG_1_rename_0133
-1.0,-1.0,7261_run1_6PQG_1_rename_0293
-1.0,-1.0,7485_run1_6PQG_1_rename_0249
-1.0,-1.0,7514_run1_6PQG_1_rename_0097
-1.0,-1.0,7473_run1_6PQG_1_rename_0230
-1.0,-1.0,7648_run1_6PQG_1_rename_0055
-1.0,-1.0,7631_run1_6PQG_1_rename_0063
-1.0,-1.0,7504_run1_6PQG_1_rename_0092
-1.0,-1.0,7558_run1_6PQG_1_rename_0066
-1.0,-1.0,7634_run1_6PQG_1_rename_0044
-1.0,-1.0,7692_run1_6PQG_1_rename_0031
-1.0,-1.0,7679_run1_6PQG_1_rename_0068
-1.0,-1.0,6967_run1_6PQG_1_rename_0257
-1.0,-1.0,7705_run1_6PQG_1_rename_0008
-1.0,-1.0,7305_run1_6PQG_1_rename_0373
-1.0,-1.0,7564_run1_6PQG_1_rename_0105
-1.0,-1.0,7531_run1_6PQG_1_rename_0078
-1.0,-1.0,7555_run1_6PQG_1_rename_0088
-1.0,-1.0,7659_run1_6PQG_1_rename_0094
-1.0,-1.0,7549_run1_6PQG_1_rename_0062
-1.0,-1.0,7556_run1_6PQG_1_rename_0062
-1.0,-1.0,7476_run1_6PQG_1_rename_0288
-1.0,-1.0,7492_run1_6PQG_1_rename_0082
-1.0,-1.0,7531_run1_6PQG_1_rename_0109
-1.0,-1.0,7327_run1_6PQG_1_rename_0112
-1.0,-1.0,7595_run1_6PQG_1_rename_0250
-1.0,-1.0,7557_run1_6PQG_1_rename_0100
-1.0,-1.0,7670_run1_6PQG_1_rename_0176
-1.0,-1.0,7543_run1_6PQG_1_rename_0047
-1.0,-1.0,7638_run1_6PQG_1_rename_0089
-1.0,-1.0,7714_run1_6PQG_1_rename_0045
-1.0,-1.0,7519_run1_6PQG_1_rename_0158
-1.0,-1.0,7507_run1_6PQG_1_rename_0197
-1.0,-1.0,7531_run1_6PQG_1_rename_0155
-1.0,-1.0,7495_run1_6PQG_1_rename_0187
-1.0,-1.0,7526_run1_6PQG_1_rename_0167
-1.0,-1.0,7280_run1_6PQG_1_rename_0371
-1.0,-1.0,7824_run1_6PQG_1_rename_0028
-1.0,-1.0,7546_run1_6PQG_1_rename_0082
-1.0,-1.0,7528_run1_6PQG_1_rename_0182
-1.0,-1.0,7527_run1_6PQG_1_rename_0158
-1.0,-1.0,7491_run1_6PQG_1_rename_0178
-1.0,-1.0,7508_run1_6PQG_1_rename_0214
-1.0,-1.0,7510_run1_6PQG_1_rename_0149
-1.0,-1.0,7799_run1_6PQG_1_rename_0111
-1.0,-1.0,7854_run1_6PQG_1_rename_0002
-1.0,-1.0,7503_run1_6PQG_1_rename_0151
-1.0,-1.0,7764_run1_6PQG_1_rename_0052
-1.0,-1.0,7702_run1_6PQG_1_rename_0188
-1.0,-1.0,7690_run1_6PQG_1_rename_0134
-1.0,-1.0,7804_run1_6PQG_1_rename_0117
-1.0,-1.0,7774_run1_6PQG_1_rename_0090
-1.0,-1.0,7511_run1_6PQG_1_rename_0278
-1.0,-1.0,7543_run1_6PQG_1_rename_0091
-1.0,-1.0,7495_run1_6PQG_1_rename_0260
-1.0,-1.0,7644_run1_6PQG_1_rename_0191
-1.0,-1.0,7797_run1_6PQG_1_rename_0250
-1.0,-1.0,7536_run1_6PQG_1_rename_0315
-1.0,-1.0,7291_run1_6PQG_1_rename_0350
-1.0,-1.0,7525_run1_6PQG_1_rename_0246
-1.0,-1.0,7543_run1_6PQG_1_rename_0108
-1.0,-1.0,7870_run1_6PQG_1_rename_0060
-1.0,-1.0,7554_run1_6PQG_1_rename_0244
-1.0,-1.0,7778_run1_6PQG_1_rename_0297
-1.0,-1.0,7544_run1_6PQG_1_rename_0201
-1.0,-1.0,7523_run1_6PQG_1_rename_0362
-1.0,-1.0,7636_run1_6PQG_1_rename_0203
-1.0,-1.0,7503_run1_6PQG_1_rename_0222
-1.0,-1.0,7656_run1_6PQG_1_rename_0326
-1.0,-1.0,7551_run1_6PQG_1_rename_0226
-1.0,-1.0,7912_run1_6PQG_1_rename_0007
-1.0,-1.0,7552_run1_6PQG_1_rename_0346
-1.0,-1.0,7546_run1_6PQG_1_rename_0138
-1.0,-1.0,7833_run1_6PQG_1_rename_0170
-1.0,-1.0,7492_run1_6PQG_1_rename_0190
-1.0,-1.0,7869_run1_6PQG_1_rename_0072
-1.0,-1.0,7511_run1_6PQG_1_rename_0383
-1.0,-1.0,7719_run1_6PQG_1_rename_0187
-1.0,-1.0,7912_run1_6PQG_1_rename_0017
-1.0,-1.0,7834_run1_6PQG_1_rename_0185
-1.0,-1.0,7933_run1_6PQG_1_rename_0014
-1.0,-1.0,7822_run1_6PQG_1_rename_0328
-1.0,-1.0,7838_run1_6PQG_1_rename_0200
-1.0,-1.0,7816_run1_6PQG_1_rename_0357
-1.0,-1.0,7903_run1_6PQG_1_rename_0030
-1.0,-1.0,7763_run1_6PQG_1_rename_0111
-1.0,-1.0,7329_run1_6PQG_1_rename_0339
-1.0,-1.0,7777_run1_6PQG_1_rename_0385
-1.0,-1.0,7920_run1_6PQG_1_rename_0029
-1.0,-1.0,7969_run1_6PQG_1_rename_0012
-1.0,-1.0,7564_run1_6PQG_1_rename_0370
-1.0,-1.0,7743_run1_6PQG_1_rename_0249
-1.0,-1.0,7851_run1_6PQG_1_rename_0093
-1.0,-1.0,7873_run1_6PQG_1_rename_0149
-1.0,-1.0,7789_run1_6PQG_1_rename_0379
-1.0,-1.0,8005_run1_6PQG_1_rename_0004
-1.0,-1.0,7712_run1_6PQG_1_rename_0187
-1.0,-1.0,7975_run1_6PQG_1_rename_0051
-1.0,-1.0,7548_run1_6PQG_1_rename_0268
-1.0,-1.0,8014_run1_6PQG_1_rename_0015
-1.0,-1.0,7907_run1_6PQG_1_rename_0090
-1.0,-1.0,7934_run1_6PQG_1_rename_0086
-1.0,-1.0,7831_run1_6PQG_1_rename_0302
-1.0,-1.0,7888_run1_6PQG_1_rename_0114
-1.0,-1.0,7774_run1_6PQG_1_rename_0235
-1.0,-1.0,7996_run1_6PQG_1_rename_0060
-1.0,-1.0,7869_run1_6PQG_1_rename_0160
-1.0,-1.0,7838_run1_6PQG_1_rename_0286
-1.0,-1.0,7690_run1_6PQG_1_rename_0261
-1.0,-1.0,6962_run1_6PQG_1_rename_0389
-1.0,-1.0,7555_run1_6PQG_1_rename_0399
-1.0,-1.0,7855_run1_6PQG_1_rename_0095
-1.0,-1.0,7546_run1_6PQG_1_rename_0193
-1.0,-1.0,8033_run1_6PQG_1_rename_0062
-1.0,-1.0,7501_run1_6PQG_1_rename_0388
-1.0,-1.0,8080_run1_6PQG_1_rename_0039
-1.0,-1.0,7934_run1_6PQG_1_rename_0136
-1.0,-1.0,7871_run1_6PQG_1_rename_0252
-1.0,-1.0,7875_run1_6PQG_1_rename_0234
-1.0,-1.0,7991_run1_6PQG_1_rename_0089
-1.0,-1.0,7743_run1_6PQG_1_rename_0322
-1.0,-1.0,8004_run1_6PQG_1_rename_0117
-1.0,-1.0,7545_run1_6PQG_1_rename_0218
-1.0,-1.0,7547_run1_6PQG_1_rename_0262
-1.0,-1.0,7873_run1_6PQG_1_rename_0285
-1.0,-1.0,7841_run1_6PQG_1_rename_0313
-1.0,-1.0,7543_run1_6PQG_1_rename_0189
-1.0,-1.0,8013_run1_6PQG_1_rename_0154
-1.0,-1.0,7891_run1_6PQG_1_rename_0220
-1.0,-1.0,8018_run1_6PQG_1_rename_0106
-1.0,-1.0,7706_run1_6PQG_1_rename_0264
-1.0,-1.0,7854_run1_6PQG_1_rename_0243
-1.0,-1.0,7897_run1_6PQG_1_rename_0343
-1.0,-1.0,7906_run1_6PQG_1_rename_0117
-1.0,-1.0,8013_run1_6PQG_1_rename_0200
-1.0,-1.0,7950_run1_6PQG_1_rename_0189
-1.0,-1.0,7553_run1_6PQG_1_rename_0361
-1.0,-1.0,7547_run1_6PQG_1_rename_0299
-1.0,-1.0,8029_run1_6PQG_1_rename_0168
-1.0,-1.0,8154_run1_6PQG_1_rename_0041
-1.0,-1.0,7852_run1_6PQG_1_rename_0161
-1.0,-1.0,7908_run1_6PQG_1_rename_0177
-1.0,-1.0,8018_run1_6PQG_1_rename_0159
-1.0,-1.0,7913_run1_6PQG_1_rename_0172
-1.0,-1.0,7882_run1_6PQG_1_rename_0351
-1.0,-1.0,7912_run1_6PQG_1_rename_0147
-1.0,-1.0,8018_run1_6PQG_1_rename_0164
-1.0,-1.0,7857_run1_6PQG_1_rename_0286
-1.0,-1.0,7543_run1_6PQG_1_rename_0219
-1.0,-1.0,8212_run1_6PQG_1_rename_0006
-1.0,-1.0,7908_run1_6PQG_1_rename_0195
-1.0,-1.0,7949_run1_6PQG_1_rename_0256
-1.0,-1.0,7543_run1_6PQG_1_rename_0228
-1.0,-1.0,7546_run1_6PQG_1_rename_0257
-1.0,-1.0,8005_run1_6PQG_1_rename_0199
-1.0,-1.0,8184_run1_6PQG_1_rename_0121
-1.0,-1.0,7856_run1_6PQG_1_rename_0369
-1.0,-1.0,7909_run1_6PQG_1_rename_0256
-1.0,-1.0,7977_run1_6PQG_1_rename_0212
-1.0,-1.0,8031_run1_6PQG_1_rename_0342
-1.0,-1.0,7912_run1_6PQG_1_rename_0186
-1.0,-1.0,8006_run1_6PQG_1_rename_0264
-1.0,-1.0,8012_run1_6PQG_1_rename_0379
-1.0,-1.0,8249_run1_6PQG_1_rename_0079
-1.0,-1.0,7862_run1_6PQG_1_rename_0367
-1.0,-1.0,8171_run1_6PQG_1_rename_0359
-1.0,-1.0,8209_run1_6PQG_1_rename_0097
-1.0,-1.0,7904_run1_6PQG_1_rename_0275
-1.0,-1.0,7910_run1_6PQG_1_rename_0272
-1.0,-1.0,8150_run1_6PQG_1_rename_0346
-1.0,-1.0,7993_run1_6PQG_1_rename_0221
-1.0,-1.0,8213_run1_6PQG_1_rename_0178
-1.0,-1.0,8358_run1_6PQG_1_rename_0042
-1.0,-1.0,7909_run1_6PQG_1_rename_0309
-1.0,-1.0,8319_run1_6PQG_1_rename_0090
-1.0,-1.0,7912_run1_6PQG_1_rename_0223
-1.0,-1.0,8029_run1_6PQG_1_rename_0306
-1.0,-1.0,8249_run1_6PQG_1_rename_0189
-1.0,-1.0,8006_run1_6PQG_1_rename_0372
-1.0,-1.0,8356_run1_6PQG_1_rename_0049
-1.0,-1.0,7543_run1_6PQG_1_rename_0257
-1.0,-1.0,8236_run1_6PQG_1_rename_0262
-1.0,-1.0,8413_run1_6PQG_1_rename_0080
-1.0,-1.0,7997_run1_6PQG_1_rename_0238
-1.0,-1.0,8209_run1_6PQG_1_rename_0166
-1.0,-1.0,8273_run1_6PQG_1_rename_0274
-1.0,-1.0,7852_run1_6PQG_1_rename_0233
-1.0,-1.0,8272_run1_6PQG_1_rename_0388
-1.0,-1.0,8361_run1_6PQG_1_rename_0184
-1.0,-1.0,7858_run1_6PQG_1_rename_0285
-1.0,-1.0,8406_run1_6PQG_1_rename_0326
-1.0,-1.0,7906_run1_6PQG_1_rename_0244
-1.0,-1.0,7849_run1_6PQG_1_rename_0310
-1.0,-1.0,8551_run1_6PQG_1_rename_0003
-1.0,-1.0,7912_run1_6PQG_1_rename_0262
-1.0,-1.0,8548_run1_6PQG_1_rename_0027
-1.0,-1.0,8589_run1_6PQG_1_rename_0013
-1.0,-1.0,8619_run1_6PQG_1_rename_0002
-1.0,-1.0,8590_run1_6PQG_1_rename_0010
-1.0,-1.0,8566_run1_6PQG_1_rename_0036
-1.0,-1.0,8575_run1_6PQG_1_rename_0044
-1.0,-1.0,8589_run1_6PQG_1_rename_0042
-1.0,-1.0,8562_run1_6PQG_1_rename_0045
-1.0,-1.0,8538_run1_6PQG_1_rename_0041
-1.0,-1.0,7852_run1_6PQG_1_rename_0277
-1.0,-1.0,7762_run1_6PQG_1_rename_0378
-1.0,-1.0,7941_run1_6PQG_1_rename_0355
-1.0,-1.0,8361_run1_6PQG_1_rename_0396
-1.0,-1.0,8617_run1_6PQG_1_rename_0080
-1.0,-1.0,7912_run1_6PQG_1_rename_0294
-1.0,-1.0,8534_run1_6PQG_1_rename_0099
-1.0,-1.0,8597_run1_6PQG_1_rename_0130
-1.0,-1.0,8629_run1_6PQG_1_rename_0172
-1.0,-1.0,8547_run1_6PQG_1_rename_0163
-1.0,-1.0,8514_run1_6PQG_1_rename_0118
-1.0,-1.0,8542_run1_6PQG_1_rename_0144
-1.0,-1.0,7707_run1_6PQG_1_rename_0322
-1.0,-1.0,7912_run1_6PQG_1_rename_0311
-1.0,-1.0,7543_run1_6PQG_1_rename_0349
-1.0,-1.0,8589_run1_6PQG_1_rename_0199
-1.0,-1.0,8535_run1_6PQG_1_rename_0128
-1.0,-1.0,8574_run1_6PQG_1_rename_0175
-1.0,-1.0,8566_run1_6PQG_1_rename_0177
-1.0,-1.0,8503_run1_6PQG_1_rename_0103
-1.0,-1.0,8629_run1_6PQG_1_rename_0309
-1.0,-1.0,8618_run1_6PQG_1_rename_0264
-1.0,-1.0,8500_run1_6PQG_1_rename_0209
-1.0,-1.0,8516_run1_6PQG_1_rename_0262
-1.0,-1.0,8602_run1_6PQG_1_rename_0349
-1.0,-1.0,8637_run1_6PQG_1_rename_0372
-1.0,-1.0,7906_run1_6PQG_1_rename_0337
-1.0,-1.0,8607_run1_6PQG_1_rename_0326
-1.0,-1.0,8582_run1_6PQG_1_rename_0279
-1.0,-1.0,8502_run1_6PQG_1_rename_0218
-1.0,-1.0,8581_run1_6PQG_1_rename_0346
-1.0,-1.0,7707_run1_6PQG_1_rename_0377
-1.0,-1.0,8593_run1_6PQG_1_rename_0351
-1.0,-1.0,7707_run1_6PQG_1_rename_0388
-1.0,-1.0,8554_run1_6PQG_1_rename_0363
-1.0,-1.0,8569_run1_6PQG_1_rename_0339
-1.0,-1.0,8536_run1_6PQG_1_rename_0295
-1.0,-1.0,8503_run1_6PQG_1_rename_0230
-1.0,-1.0,8525_run1_6PQG_1_rename_0380
